date,admin1,admin2,market,market_id,latitude,longitude,category,commodity,commodity_id,unit,priceflag,pricetype,currency,price,usdprice
2000-01-15,National Capital region,Metropolitan Manila,Metro Manila,167,14.6,120.98,cereals and tubers,"Rice (milled, superior)",593,KG,actual,Retail,PHP,20.0,0.49
2000-01-15,National Capital region,Metropolitan Manila,Metro Manila,167,14.6,120.98,cereals and tubers,"Rice (regular, milled)",80,KG,actual,Retail,PHP,18.0,0.44
2000-02-15,National Capital region,Metropolitan Manila,Metro Manila,167,14.6,120.98,cereals and tubers,"Rice (milled, superior)",593,KG,actual,Retail,PHP,20.0,0.49
2000-02-15,National Capital region,Metropolitan Manila,Metro Manila,167,14.6,120.98,cereals and tubers,"Rice (regular, milled)",80,KG,actual,Retail,PHP,18.0,0.45
2000-03-15,National Capital region,Metropolitan Manila,Metro Manila,167,14.6,120.98,cereals and tubers,"Rice (milled, superior)",593,KG,actual,Retail,PHP,20.0,0.49
2000-03-15,National Capital region,Metropolitan Manila,Metro Manila,167,14.6,120.98,cereals and tubers,"Rice (regular, milled)",80,KG,actual,Retail,PHP,18.0,0.44
2000-04-15,National Capital region,Metropolitan Manila,Metro Manila,167,14.6,120.98,cereals and tubers,"Rice (milled, superior)",593,KG,actual,Retail,PHP,20.0,0.49
2000-04-15,National Capital region,Metropolitan Manila,Metro Manila,167,14.6,120.98,cereals and tubers,"Rice (regular, milled)",80,KG,actual,Retail,PHP,18.0,0.44
2000-05-15,National Capital region,Metropolitan Manila,Metro Manila,167,14.6,120.98,cereals and tubers,"Rice (milled, superior)",593,KG,actual,Retail,PHP,20.0,0.48
2000-05-15,National Capital region,Metropolitan Manila,Metro Manila,167,14.6,120.98,cereals and tubers,"Rice (regular, milled)",80,KG,actual,Retail,PHP,18.0,0.43
2000-06-15,National Capital region,Metropolitan Manila,Metro Manila,167,14.6,120.98,cereals and tubers,"Rice (regular, milled)",80,KG,actual,Retail,PHP,18.0,0.42
2000-06-15,National Capital region,Metropolitan Manila,Metro Manila,167,14.6,120.98,cereals and tubers,"Rice (milled, superior)",593,KG,actual,Retail,PHP,20.0,0.47
2000-07-15,National Capital region,Metropolitan Manila,Metro Manila,167,14.6,120.98,cereals and tubers,"Rice (milled, superior)",593,KG,actual,Retail,PHP,20.0,0.45
2000-07-15,National Capital region,Metropolitan Manila,Metro Manila,167,14.6,120.98,cereals and tubers,"Rice (regular, milled)",80,KG,actual,Retail,PHP,18.0,0.4
2000-08-15,National Capital region,Metropolitan Manila,Metro Manila,167,14.6,120.98,cereals and tubers,"Rice (milled, superior)",593,KG,actual,Retail,PHP,20.0,0.45
2000-08-15,National Capital region,Metropolitan Manila,Metro Manila,167,14.6,120.98,cereals and tubers,"Rice (regular, milled)",80,KG,actual,Retail,PHP,18.0,0.4
2000-09-15,National Capital region,Metropolitan Manila,Metro Manila,167,14.6,120.98,cereals and tubers,"Rice (milled, superior)",593,KG,actual,Retail,PHP,20.0,0.44
2000-09-15,National Capital region,Metropolitan Manila,Metro Manila,167,14.6,120.98,cereals and tubers,"Rice (regular, milled)",80,KG,actual,Retail,PHP,18.0,0.4
2000-10-15,National Capital region,Metropolitan Manila,Metro Manila,167,14.6,120.98,cereals and tubers,"Rice (milled, superior)",593,KG,actual,Retail,PHP,20.0,0.41
2000-10-15,National Capital region,Metropolitan Manila,Metro Manila,167,14.6,120.98,cereals and tubers,"Rice (regular, milled)",80,KG,actual,Retail,PHP,18.0,0.37
2000-11-15,National Capital region,Metropolitan Manila,Metro Manila,167,14.6,120.98,cereals and tubers,"Rice (regular, milled)",80,KG,actual,Retail,PHP,18.0,0.36
2000-11-15,National Capital region,Metropolitan Manila,Metro Manila,167,14.6,120.98,cereals and tubers,"Rice (milled, superior)",593,KG,actual,Retail,PHP,20.0,0.4
2000-12-15,National Capital region,Metropolitan Manila,Metro Manila,167,14.6,120.98,cereals and tubers,"Rice (milled, superior)",593,KG,actual,Retail,PHP,20.0,0.4
2000-12-15,National Capital region,Metropolitan Manila,Metro Manila,167,14.6,120.98,cereals and tubers,"Rice (regular, milled)",80,KG,actual,Retail,PHP,18.0,0.36
2001-01-15,National Capital region,Metropolitan Manila,Metro Manila,167,14.6,120.98,cereals and tubers,"Rice (milled, superior)",593,KG,actual,Retail,PHP,20.0,0.38
2001-01-15,National Capital region,Metropolitan Manila,Metro Manila,167,14.6,120.98,cereals and tubers,"Rice (regular, milled)",80,KG,actual,Retail,PHP,18.0,0.34
2001-02-15,National Capital region,Metropolitan Manila,Metro Manila,167,14.6,120.98,cereals and tubers,"Rice (milled, superior)",593,KG,actual,Retail,PHP,20.0,0.42
2001-02-15,National Capital region,Metropolitan Manila,Metro Manila,167,14.6,120.98,cereals and tubers,"Rice (regular, milled)",80,KG,actual,Retail,PHP,18.0,0.38
2001-03-15,National Capital region,Metropolitan Manila,Metro Manila,167,14.6,120.98,cereals and tubers,"Rice (milled, superior)",593,KG,actual,Retail,PHP,20.0,0.41
2001-03-15,National Capital region,Metropolitan Manila,Metro Manila,167,14.6,120.98,cereals and tubers,"Rice (regular, milled)",80,KG,actual,Retail,PHP,18.0,0.37
2001-04-15,National Capital region,Metropolitan Manila,Metro Manila,167,14.6,120.98,cereals and tubers,"Rice (regular, milled)",80,KG,actual,Retail,PHP,18.0,0.36
2001-04-15,National Capital region,Metropolitan Manila,Metro Manila,167,14.6,120.98,cereals and tubers,"Rice (milled, superior)",593,KG,actual,Retail,PHP,20.0,0.4
2001-05-15,National Capital region,Metropolitan Manila,Metro Manila,167,14.6,120.98,cereals and tubers,"Rice (milled, superior)",593,KG,actual,Retail,PHP,20.0,0.4
2001-05-15,National Capital region,Metropolitan Manila,Metro Manila,167,14.6,120.98,cereals and tubers,"Rice (regular, milled)",80,KG,actual,Retail,PHP,18.0,0.36
2001-06-15,National Capital region,Metropolitan Manila,Metro Manila,167,14.6,120.98,cereals and tubers,"Rice (milled, superior)",593,KG,actual,Retail,PHP,20.0,0.39
2001-06-15,National Capital region,Metropolitan Manila,Metro Manila,167,14.6,120.98,cereals and tubers,"Rice (regular, milled)",80,KG,actual,Retail,PHP,18.0,0.35
2001-07-15,National Capital region,Metropolitan Manila,Metro Manila,167,14.6,120.98,cereals and tubers,"Rice (milled, superior)",593,KG,actual,Retail,PHP,20.0,0.37
2001-07-15,National Capital region,Metropolitan Manila,Metro Manila,167,14.6,120.98,cereals and tubers,"Rice (regular, milled)",80,KG,actual,Retail,PHP,18.0,0.34
2001-08-15,National Capital region,Metropolitan Manila,Metro Manila,167,14.6,120.98,cereals and tubers,"Rice (milled, superior)",593,KG,actual,Retail,PHP,20.0,0.39
2001-08-15,National Capital region,Metropolitan Manila,Metro Manila,167,14.6,120.98,cereals and tubers,"Rice (regular, milled)",80,KG,actual,Retail,PHP,18.0,0.35
2001-09-15,National Capital region,Metropolitan Manila,Metro Manila,167,14.6,120.98,cereals and tubers,"Rice (milled, superior)",593,KG,actual,Retail,PHP,20.0,0.39
2001-09-15,National Capital region,Metropolitan Manila,Metro Manila,167,14.6,120.98,cereals and tubers,"Rice (regular, milled)",80,KG,actual,Retail,PHP,18.0,0.35
2001-10-15,National Capital region,Metropolitan Manila,Metro Manila,167,14.6,120.98,cereals and tubers,"Rice (regular, milled)",80,KG,actual,Retail,PHP,18.0,0.35
2001-10-15,National Capital region,Metropolitan Manila,Metro Manila,167,14.6,120.98,cereals and tubers,"Rice (milled, superior)",593,KG,actual,Retail,PHP,20.0,0.39
2001-11-15,National Capital region,Metropolitan Manila,Metro Manila,167,14.6,120.98,cereals and tubers,"Rice (milled, superior)",593,KG,actual,Retail,PHP,20.0,0.38
2001-11-15,National Capital region,Metropolitan Manila,Metro Manila,167,14.6,120.98,cereals and tubers,"Rice (regular, milled)",80,KG,actual,Retail,PHP,18.0,0.35
2001-12-15,National Capital region,Metropolitan Manila,Metro Manila,167,14.6,120.98,cereals and tubers,"Rice (milled, superior)",593,KG,actual,Retail,PHP,20.0,0.38
2001-12-15,National Capital region,Metropolitan Manila,Metro Manila,167,14.6,120.98,cereals and tubers,"Rice (regular, milled)",80,KG,actual,Retail,PHP,18.0,0.35
2002-01-15,National Capital region,Metropolitan Manila,Metro Manila,167,14.6,120.98,cereals and tubers,"Rice (milled, superior)",593,KG,actual,Retail,PHP,21.75,0.43
2002-01-15,National Capital region,Metropolitan Manila,Metro Manila,167,14.6,120.98,cereals and tubers,"Rice (regular, milled)",80,KG,actual,Retail,PHP,17.68,0.35
2002-02-15,National Capital region,Metropolitan Manila,Metro Manila,167,14.6,120.98,cereals and tubers,"Rice (milled, superior)",593,KG,actual,Retail,PHP,21.82,0.43
2002-02-15,National Capital region,Metropolitan Manila,Metro Manila,167,14.6,120.98,cereals and tubers,"Rice (regular, milled)",80,KG,actual,Retail,PHP,17.6,0.34
2002-03-15,National Capital region,Metropolitan Manila,Metro Manila,167,14.6,120.98,cereals and tubers,"Rice (regular, milled)",80,KG,actual,Retail,PHP,17.63,0.35
2002-03-15,National Capital region,Metropolitan Manila,Metro Manila,167,14.6,120.98,cereals and tubers,"Rice (milled, superior)",593,KG,actual,Retail,PHP,21.8,0.43
2002-04-15,National Capital region,Metropolitan Manila,Metro Manila,167,14.6,120.98,cereals and tubers,"Rice (milled, superior)",593,KG,actual,Retail,PHP,21.66,0.43
2002-04-15,National Capital region,Metropolitan Manila,Metro Manila,167,14.6,120.98,cereals and tubers,"Rice (regular, milled)",80,KG,actual,Retail,PHP,17.6,0.35
2002-05-15,National Capital region,Metropolitan Manila,Metro Manila,167,14.6,120.98,cereals and tubers,"Rice (milled, superior)",593,KG,actual,Retail,PHP,21.65,0.44
2002-05-15,National Capital region,Metropolitan Manila,Metro Manila,167,14.6,120.98,cereals and tubers,"Rice (regular, milled)",80,KG,actual,Retail,PHP,17.57,0.35
2002-06-15,National Capital region,Metropolitan Manila,Metro Manila,167,14.6,120.98,cereals and tubers,"Rice (milled, superior)",593,KG,actual,Retail,PHP,21.09,0.42
2002-06-15,National Capital region,Metropolitan Manila,Metro Manila,167,14.6,120.98,cereals and tubers,"Rice (regular, milled)",80,KG,actual,Retail,PHP,17.63,0.35
2002-07-15,National Capital region,Metropolitan Manila,Metro Manila,167,14.6,120.98,cereals and tubers,"Rice (milled, superior)",593,KG,actual,Retail,PHP,21.68,0.43
2002-07-15,National Capital region,Metropolitan Manila,Metro Manila,167,14.6,120.98,cereals and tubers,"Rice (regular, milled)",80,KG,actual,Retail,PHP,17.82,0.35
2002-08-15,National Capital region,Metropolitan Manila,Metro Manila,167,14.6,120.98,cereals and tubers,"Rice (milled, superior)",593,KG,actual,Retail,PHP,22.3,0.43
2002-08-15,National Capital region,Metropolitan Manila,Metro Manila,167,14.6,120.98,cereals and tubers,"Rice (regular, milled)",80,KG,actual,Retail,PHP,19.29,0.37
2002-09-15,National Capital region,Metropolitan Manila,Metro Manila,167,14.6,120.98,cereals and tubers,"Rice (regular, milled)",80,KG,actual,Retail,PHP,19.74,0.38
2002-09-15,National Capital region,Metropolitan Manila,Metro Manila,167,14.6,120.98,cereals and tubers,"Rice (milled, superior)",593,KG,actual,Retail,PHP,22.45,0.43
2002-10-15,National Capital region,Metropolitan Manila,Metro Manila,167,14.6,120.98,cereals and tubers,"Rice (milled, superior)",593,KG,actual,Retail,PHP,22.43,0.42
2002-10-15,National Capital region,Metropolitan Manila,Metro Manila,167,14.6,120.98,cereals and tubers,"Rice (regular, milled)",80,KG,actual,Retail,PHP,19.21,0.36
2002-11-15,National Capital region,Metropolitan Manila,Metro Manila,167,14.6,120.98,cereals and tubers,"Rice (milled, superior)",593,KG,actual,Retail,PHP,22.31,0.42
2002-11-15,National Capital region,Metropolitan Manila,Metro Manila,167,14.6,120.98,cereals and tubers,"Rice (regular, milled)",80,KG,actual,Retail,PHP,18.66,0.35
2002-12-15,National Capital region,Metropolitan Manila,Metro Manila,167,14.6,120.98,cereals and tubers,"Rice (milled, superior)",593,KG,actual,Retail,PHP,22.33,0.42
2002-12-15,National Capital region,Metropolitan Manila,Metro Manila,167,14.6,120.98,cereals and tubers,"Rice (regular, milled)",80,KG,actual,Retail,PHP,18.58,0.35
2003-01-15,National Capital region,Metropolitan Manila,Metro Manila,167,14.6,120.98,cereals and tubers,"Rice (milled, superior)",593,KG,actual,Retail,PHP,22.3,0.42
2003-01-15,National Capital region,Metropolitan Manila,Metro Manila,167,14.6,120.98,cereals and tubers,"Rice (regular, milled)",80,KG,actual,Retail,PHP,18.28,0.34
2003-02-15,National Capital region,Metropolitan Manila,Metro Manila,167,14.6,120.98,cereals and tubers,"Rice (regular, milled)",80,KG,actual,Retail,PHP,18.34,0.34
2003-02-15,National Capital region,Metropolitan Manila,Metro Manila,167,14.6,120.98,cereals and tubers,"Rice (milled, superior)",593,KG,actual,Retail,PHP,22.15,0.41
2003-03-15,National Capital region,Metropolitan Manila,Metro Manila,167,14.6,120.98,cereals and tubers,"Rice (milled, superior)",593,KG,actual,Retail,PHP,22.28,0.41
2003-03-15,National Capital region,Metropolitan Manila,Metro Manila,167,14.6,120.98,cereals and tubers,"Rice (regular, milled)",80,KG,actual,Retail,PHP,18.26,0.33
2003-04-15,National Capital region,Metropolitan Manila,Metro Manila,167,14.6,120.98,cereals and tubers,"Rice (milled, superior)",593,KG,actual,Retail,PHP,22.28,0.43
2003-04-15,National Capital region,Metropolitan Manila,Metro Manila,167,14.6,120.98,cereals and tubers,"Rice (regular, milled)",80,KG,actual,Retail,PHP,18.28,0.35
2003-05-15,National Capital region,Metropolitan Manila,Metro Manila,167,14.6,120.98,cereals and tubers,"Rice (milled, superior)",593,KG,actual,Retail,PHP,22.28,0.43
2003-05-15,National Capital region,Metropolitan Manila,Metro Manila,167,14.6,120.98,cereals and tubers,"Rice (regular, milled)",80,KG,actual,Retail,PHP,18.98,0.37
2003-06-15,National Capital region,Metropolitan Manila,Metro Manila,167,14.6,120.98,cereals and tubers,"Rice (milled, superior)",593,KG,actual,Retail,PHP,22.2,0.42
2003-06-15,National Capital region,Metropolitan Manila,Metro Manila,167,14.6,120.98,cereals and tubers,"Rice (regular, milled)",80,KG,actual,Retail,PHP,18.46,0.35
2003-07-15,National Capital region,Metropolitan Manila,Metro Manila,167,14.6,120.98,cereals and tubers,"Rice (regular, milled)",80,KG,actual,Retail,PHP,18.81,0.35
2003-07-15,National Capital region,Metropolitan Manila,Metro Manila,167,14.6,120.98,cereals and tubers,"Rice (milled, superior)",593,KG,actual,Retail,PHP,22.28,0.42
2003-08-15,National Capital region,Metropolitan Manila,Metro Manila,167,14.6,120.98,cereals and tubers,"Rice (regular, milled)",80,KG,actual,Retail,PHP,18.72,0.34
2003-08-15,National Capital region,Metropolitan Manila,Metro Manila,167,14.6,120.98,cereals and tubers,"Rice (milled, superior)",593,KG,actual,Retail,PHP,22.28,0.41
2003-09-15,National Capital region,Metropolitan Manila,Metro Manila,167,14.6,120.98,cereals and tubers,"Rice (milled, superior)",593,KG,actual,Retail,PHP,22.28,0.41
2003-09-15,National Capital region,Metropolitan Manila,Metro Manila,167,14.6,120.98,cereals and tubers,"Rice (regular, milled)",80,KG,actual,Retail,PHP,18.7,0.34
2003-10-15,National Capital region,Metropolitan Manila,Metro Manila,167,14.6,120.98,cereals and tubers,"Rice (milled, superior)",593,KG,actual,Retail,PHP,22.29,0.41
2003-10-15,National Capital region,Metropolitan Manila,Metro Manila,167,14.6,120.98,cereals and tubers,"Rice (regular, milled)",80,KG,actual,Retail,PHP,18.59,0.34
2003-11-15,National Capital region,Metropolitan Manila,Metro Manila,167,14.6,120.98,cereals and tubers,"Rice (milled, superior)",593,KG,actual,Retail,PHP,22.32,0.4
2003-11-15,National Capital region,Metropolitan Manila,Metro Manila,167,14.6,120.98,cereals and tubers,"Rice (regular, milled)",80,KG,actual,Retail,PHP,18.51,0.33
2003-12-15,National Capital region,Metropolitan Manila,Metro Manila,167,14.6,120.98,cereals and tubers,"Rice (milled, superior)",593,KG,actual,Retail,PHP,22.31,0.4
2003-12-15,National Capital region,Metropolitan Manila,Metro Manila,167,14.6,120.98,cereals and tubers,"Rice (regular, milled)",80,KG,actual,Retail,PHP,18.54,0.33
2004-01-15,National Capital region,Metropolitan Manila,Metro Manila,167,14.6,120.98,cereals and tubers,"Rice (regular, milled)",80,KG,actual,Retail,PHP,18.63,0.34
2004-01-15,National Capital region,Metropolitan Manila,Metro Manila,167,14.6,120.98,cereals and tubers,"Rice (milled, superior)",593,KG,actual,Retail,PHP,22.33,0.4
2004-02-15,National Capital region,Metropolitan Manila,Metro Manila,167,14.6,120.98,cereals and tubers,"Rice (milled, superior)",593,KG,actual,Retail,PHP,22.15,0.4
2004-02-15,National Capital region,Metropolitan Manila,Metro Manila,167,14.6,120.98,cereals and tubers,"Rice (regular, milled)",80,KG,actual,Retail,PHP,18.6,0.33
2004-03-15,National Capital region,Metropolitan Manila,Metro Manila,167,14.6,120.98,cereals and tubers,"Rice (milled, superior)",593,KG,actual,Retail,PHP,22.44,0.4
2004-03-15,National Capital region,Metropolitan Manila,Metro Manila,167,14.6,120.98,cereals and tubers,"Rice (regular, milled)",80,KG,actual,Retail,PHP,18.65,0.33
2004-04-15,National Capital region,Metropolitan Manila,Metro Manila,167,14.6,120.98,cereals and tubers,"Rice (milled, superior)",593,KG,actual,Retail,PHP,22.37,0.4
2004-04-15,National Capital region,Metropolitan Manila,Metro Manila,167,14.6,120.98,cereals and tubers,"Rice (regular, milled)",80,KG,actual,Retail,PHP,18.58,0.33
2004-05-15,National Capital region,Metropolitan Manila,Metro Manila,167,14.6,120.98,cereals and tubers,"Rice (milled, superior)",593,KG,actual,Retail,PHP,22.31,0.4
2004-05-15,National Capital region,Metropolitan Manila,Metro Manila,167,14.6,120.98,cereals and tubers,"Rice (regular, milled)",80,KG,actual,Retail,PHP,18.65,0.33
2004-06-15,National Capital region,Metropolitan Manila,Metro Manila,167,14.6,120.98,cereals and tubers,"Rice (milled, superior)",593,KG,actual,Retail,PHP,22.37,0.4
2004-06-15,National Capital region,Metropolitan Manila,Metro Manila,167,14.6,120.98,cereals and tubers,"Rice (regular, milled)",80,KG,actual,Retail,PHP,18.56,0.33
2004-07-15,National Capital region,Metropolitan Manila,Metro Manila,167,14.6,120.98,cereals and tubers,"Rice (regular, milled)",80,KG,actual,Retail,PHP,18.54,0.33
2004-07-15,National Capital region,Metropolitan Manila,Metro Manila,167,14.6,120.98,cereals and tubers,"Rice (milled, superior)",593,KG,actual,Retail,PHP,22.39,0.4
2004-08-15,National Capital region,Metropolitan Manila,Metro Manila,167,14.6,120.98,cereals and tubers,"Rice (milled, superior)",593,KG,actual,Retail,PHP,22.45,0.4
2004-08-15,National Capital region,Metropolitan Manila,Metro Manila,167,14.6,120.98,cereals and tubers,"Rice (regular, milled)",80,KG,actual,Retail,PHP,18.95,0.34
2004-09-15,National Capital region,Metropolitan Manila,Metro Manila,167,14.6,120.98,cereals and tubers,"Rice (milled, superior)",593,KG,actual,Retail,PHP,22.58,0.4
2004-09-15,National Capital region,Metropolitan Manila,Metro Manila,167,14.6,120.98,cereals and tubers,"Rice (regular, milled)",80,KG,actual,Retail,PHP,18.93,0.34
2004-10-15,National Capital region,Metropolitan Manila,Metro Manila,167,14.6,120.98,cereals and tubers,"Rice (milled, superior)",593,KG,actual,Retail,PHP,22.57,0.4
2004-10-15,National Capital region,Metropolitan Manila,Metro Manila,167,14.6,120.98,cereals and tubers,"Rice (regular, milled)",80,KG,actual,Retail,PHP,18.86,0.33
2004-11-15,National Capital region,Metropolitan Manila,Metro Manila,167,14.6,120.98,cereals and tubers,"Rice (milled, superior)",593,KG,actual,Retail,PHP,22.39,0.4
2004-11-15,National Capital region,Metropolitan Manila,Metro Manila,167,14.6,120.98,cereals and tubers,"Rice (regular, milled)",80,KG,actual,Retail,PHP,18.87,0.34
2004-12-15,National Capital region,Metropolitan Manila,Metro Manila,167,14.6,120.98,cereals and tubers,"Rice (regular, milled)",80,KG,actual,Retail,PHP,18.89,0.34
2004-12-15,National Capital region,Metropolitan Manila,Metro Manila,167,14.6,120.98,cereals and tubers,"Rice (milled, superior)",593,KG,actual,Retail,PHP,22.36,0.4
2005-01-15,National Capital region,Metropolitan Manila,Metro Manila,167,14.6,120.98,cereals and tubers,"Rice (milled, superior)",593,KG,actual,Retail,PHP,22.38,0.4
2005-01-15,National Capital region,Metropolitan Manila,Metro Manila,167,14.6,120.98,cereals and tubers,"Rice (regular, milled)",80,KG,actual,Retail,PHP,18.93,0.34
2005-02-15,National Capital region,Metropolitan Manila,Metro Manila,167,14.6,120.98,cereals and tubers,"Rice (milled, superior)",593,KG,actual,Retail,PHP,22.42,0.41
2005-02-15,National Capital region,Metropolitan Manila,Metro Manila,167,14.6,120.98,cereals and tubers,"Rice (regular, milled)",80,KG,actual,Retail,PHP,18.97,0.35
2005-03-15,National Capital region,Metropolitan Manila,Metro Manila,167,14.6,120.98,cereals and tubers,"Rice (milled, superior)",593,KG,actual,Retail,PHP,22.65,0.42
2005-03-15,National Capital region,Metropolitan Manila,Metro Manila,167,14.6,120.98,cereals and tubers,"Rice (regular, milled)",80,KG,actual,Retail,PHP,19.32,0.36
2005-04-15,National Capital region,Metropolitan Manila,Metro Manila,167,14.6,120.98,cereals and tubers,"Rice (milled, superior)",593,KG,actual,Retail,PHP,23.43,0.43
2005-04-15,National Capital region,Metropolitan Manila,Metro Manila,167,14.6,120.98,cereals and tubers,"Rice (regular, milled)",80,KG,actual,Retail,PHP,21.24,0.39
2005-05-15,National Capital region,Metropolitan Manila,Metro Manila,167,14.6,120.98,cereals and tubers,"Rice (regular, milled)",80,KG,actual,Retail,PHP,21.38,0.39
2005-05-15,National Capital region,Metropolitan Manila,Metro Manila,167,14.6,120.98,cereals and tubers,"Rice (milled, superior)",593,KG,actual,Retail,PHP,23.44,0.43
2005-06-15,National Capital region,Metropolitan Manila,Metro Manila,167,14.6,120.98,cereals and tubers,"Rice (regular, milled)",80,KG,actual,Retail,PHP,21.89,0.4
2005-06-15,National Capital region,Metropolitan Manila,Metro Manila,167,14.6,120.98,cereals and tubers,"Rice (milled, superior)",593,KG,actual,Retail,PHP,23.51,0.43
2005-07-15,National Capital region,Metropolitan Manila,Metro Manila,167,14.6,120.98,cereals and tubers,"Rice (milled, superior)",593,KG,actual,Retail,PHP,23.49,0.42
2005-07-15,National Capital region,Metropolitan Manila,Metro Manila,167,14.6,120.98,cereals and tubers,"Rice (regular, milled)",80,KG,actual,Retail,PHP,21.08,0.38
2005-08-15,National Capital region,Metropolitan Manila,Metro Manila,167,14.6,120.98,cereals and tubers,"Rice (milled, superior)",593,KG,actual,Retail,PHP,23.53,0.42
2005-08-15,National Capital region,Metropolitan Manila,Metro Manila,167,14.6,120.98,cereals and tubers,"Rice (regular, milled)",80,KG,actual,Retail,PHP,21.27,0.38
2005-09-15,National Capital region,Metropolitan Manila,Metro Manila,167,14.6,120.98,cereals and tubers,"Rice (milled, superior)",593,KG,actual,Retail,PHP,23.33,0.42
2005-09-15,National Capital region,Metropolitan Manila,Metro Manila,167,14.6,120.98,cereals and tubers,"Rice (regular, milled)",80,KG,actual,Retail,PHP,21.36,0.38
2005-10-15,National Capital region,Metropolitan Manila,Metro Manila,167,14.6,120.98,cereals and tubers,"Rice (milled, superior)",593,KG,actual,Retail,PHP,23.66,0.42
2005-10-15,National Capital region,Metropolitan Manila,Metro Manila,167,14.6,120.98,cereals and tubers,"Rice (regular, milled)",80,KG,actual,Retail,PHP,21.35,0.38
2005-11-15,National Capital region,Metropolitan Manila,Metro Manila,167,14.6,120.98,cereals and tubers,"Rice (milled, superior)",593,KG,actual,Retail,PHP,23.51,0.43
2005-11-15,National Capital region,Metropolitan Manila,Metro Manila,167,14.6,120.98,cereals and tubers,"Rice (regular, milled)",80,KG,actual,Retail,PHP,21.23,0.39
2005-12-15,National Capital region,Metropolitan Manila,Metro Manila,167,14.6,120.98,cereals and tubers,"Rice (regular, milled)",80,KG,actual,Retail,PHP,21.3,0.4
2005-12-15,National Capital region,Metropolitan Manila,Metro Manila,167,14.6,120.98,cereals and tubers,"Rice (milled, superior)",593,KG,actual,Retail,PHP,23.53,0.44
2006-01-15,National Capital region,Metropolitan Manila,Metro Manila,167,14.6,120.98,cereals and tubers,"Rice (milled, superior)",593,KG,actual,Retail,PHP,23.53,0.45
2006-01-15,National Capital region,Metropolitan Manila,Metro Manila,167,14.6,120.98,cereals and tubers,"Rice (regular, milled)",80,KG,actual,Retail,PHP,21.25,0.41
2006-02-15,National Capital region,Metropolitan Manila,Metro Manila,167,14.6,120.98,cereals and tubers,"Rice (milled, superior)",593,KG,actual,Retail,PHP,23.52,0.46
2006-02-15,National Capital region,Metropolitan Manila,Metro Manila,167,14.6,120.98,cereals and tubers,"Rice (regular, milled)",80,KG,actual,Retail,PHP,21.18,0.41
2006-03-15,National Capital region,Metropolitan Manila,Metro Manila,167,14.6,120.98,cereals and tubers,"Rice (milled, superior)",593,KG,actual,Retail,PHP,23.53,0.46
2006-03-15,National Capital region,Metropolitan Manila,Metro Manila,167,14.6,120.98,cereals and tubers,"Rice (regular, milled)",80,KG,actual,Retail,PHP,21.19,0.42
2006-04-15,National Capital region,Metropolitan Manila,Metro Manila,167,14.6,120.98,cereals and tubers,"Rice (milled, superior)",593,KG,actual,Retail,PHP,23.6,0.46
2006-04-15,National Capital region,Metropolitan Manila,Metro Manila,167,14.6,120.98,cereals and tubers,"Rice (regular, milled)",80,KG,actual,Retail,PHP,21.17,0.41
2006-05-15,National Capital region,Metropolitan Manila,Metro Manila,167,14.6,120.98,cereals and tubers,"Rice (regular, milled)",80,KG,actual,Retail,PHP,21.18,0.41
2006-05-15,National Capital region,Metropolitan Manila,Metro Manila,167,14.6,120.98,cereals and tubers,"Rice (milled, superior)",593,KG,actual,Retail,PHP,23.66,0.45
2006-06-15,National Capital region,Metropolitan Manila,Metro Manila,167,14.6,120.98,cereals and tubers,"Rice (milled, superior)",593,KG,actual,Retail,PHP,23.69,0.45
2006-06-15,National Capital region,Metropolitan Manila,Metro Manila,167,14.6,120.98,cereals and tubers,"Rice (regular, milled)",80,KG,actual,Retail,PHP,21.42,0.4
2006-07-15,National Capital region,Metropolitan Manila,Metro Manila,167,14.6,120.98,cereals and tubers,"Rice (milled, superior)",593,KG,actual,Retail,PHP,23.69,0.45
2006-07-15,National Capital region,Metropolitan Manila,Metro Manila,167,14.6,120.98,cereals and tubers,"Rice (regular, milled)",80,KG,actual,Retail,PHP,21.44,0.41
2006-08-15,National Capital region,Metropolitan Manila,Metro Manila,167,14.6,120.98,cereals and tubers,"Rice (milled, superior)",593,KG,actual,Retail,PHP,23.68,0.46
2006-08-15,National Capital region,Metropolitan Manila,Metro Manila,167,14.6,120.98,cereals and tubers,"Rice (regular, milled)",80,KG,actual,Retail,PHP,21.43,0.42
2006-09-15,National Capital region,Metropolitan Manila,Metro Manila,167,14.6,120.98,cereals and tubers,"Rice (milled, superior)",593,KG,actual,Retail,PHP,23.69,0.47
2006-09-15,National Capital region,Metropolitan Manila,Metro Manila,167,14.6,120.98,cereals and tubers,"Rice (regular, milled)",80,KG,actual,Retail,PHP,21.43,0.43
2006-10-15,National Capital region,Metropolitan Manila,Metro Manila,167,14.6,120.98,cereals and tubers,"Rice (regular, milled)",80,KG,actual,Retail,PHP,21.37,0.43
2006-10-15,National Capital region,Metropolitan Manila,Metro Manila,167,14.6,120.98,cereals and tubers,"Rice (milled, superior)",593,KG,actual,Retail,PHP,23.68,0.47
2006-11-15,National Capital region,Metropolitan Manila,Metro Manila,167,14.6,120.98,cereals and tubers,"Rice (milled, superior)",593,KG,actual,Retail,PHP,23.64,0.47
2006-11-15,National Capital region,Metropolitan Manila,Metro Manila,167,14.6,120.98,cereals and tubers,"Rice (regular, milled)",80,KG,actual,Retail,PHP,21.15,0.42
2006-12-15,National Capital region,Metropolitan Manila,Metro Manila,167,14.6,120.98,cereals and tubers,"Rice (milled, superior)",593,KG,actual,Retail,PHP,23.67,0.48
2006-12-15,National Capital region,Metropolitan Manila,Metro Manila,167,14.6,120.98,cereals and tubers,"Rice (regular, milled)",80,KG,actual,Retail,PHP,22.07,0.45
2007-01-15,National Capital region,Metropolitan Manila,Metro Manila,167,14.6,120.98,cereals and tubers,"Rice (milled, superior)",593,KG,actual,Retail,PHP,23.68,0.48
2007-01-15,National Capital region,Metropolitan Manila,Metro Manila,167,14.6,120.98,cereals and tubers,"Rice (regular, milled)",80,KG,actual,Retail,PHP,21.19,0.43
2007-02-15,National Capital region,Metropolitan Manila,Metro Manila,167,14.6,120.98,cereals and tubers,"Rice (regular, milled)",80,KG,actual,Retail,PHP,21.26,0.44
2007-02-15,National Capital region,Metropolitan Manila,Metro Manila,167,14.6,120.98,cereals and tubers,"Rice (milled, superior)",593,KG,actual,Retail,PHP,23.69,0.49
2007-03-15,National Capital region,Metropolitan Manila,Metro Manila,167,14.6,120.98,cereals and tubers,"Rice (regular, milled)",80,KG,actual,Retail,PHP,21.22,0.44
2007-03-15,National Capital region,Metropolitan Manila,Metro Manila,167,14.6,120.98,cereals and tubers,"Rice (milled, superior)",593,KG,actual,Retail,PHP,23.68,0.49
2007-04-15,National Capital region,Metropolitan Manila,Metro Manila,167,14.6,120.98,cereals and tubers,"Rice (milled, superior)",593,KG,actual,Retail,PHP,23.72,0.5
2007-04-15,National Capital region,Metropolitan Manila,Metro Manila,167,14.6,120.98,cereals and tubers,"Rice (regular, milled)",80,KG,actual,Retail,PHP,21.24,0.45
2007-05-15,National Capital region,Metropolitan Manila,Metro Manila,167,14.6,120.98,cereals and tubers,"Rice (milled, superior)",593,KG,actual,Retail,PHP,23.72,0.51
2007-05-15,National Capital region,Metropolitan Manila,Metro Manila,167,14.6,120.98,cereals and tubers,"Rice (regular, milled)",80,KG,actual,Retail,PHP,21.24,0.45
2007-06-15,National Capital region,Metropolitan Manila,Metro Manila,167,14.6,120.98,cereals and tubers,"Rice (milled, superior)",593,KG,actual,Retail,PHP,23.72,0.52
2007-06-15,National Capital region,Metropolitan Manila,Metro Manila,167,14.6,120.98,cereals and tubers,"Rice (regular, milled)",80,KG,actual,Retail,PHP,21.26,0.46
2007-07-15,National Capital region,Metropolitan Manila,Metro Manila,167,14.6,120.98,cereals and tubers,"Rice (milled, superior)",593,KG,actual,Retail,PHP,23.93,0.53
2007-07-15,National Capital region,Metropolitan Manila,Metro Manila,167,14.6,120.98,cereals and tubers,"Rice (regular, milled)",80,KG,actual,Retail,PHP,21.76,0.48
2007-08-15,National Capital region,Metropolitan Manila,Metro Manila,167,14.6,120.98,cereals and tubers,"Rice (regular, milled)",80,KG,actual,Retail,PHP,22.5,0.49
2007-08-15,National Capital region,Metropolitan Manila,Metro Manila,167,14.6,120.98,cereals and tubers,"Rice (milled, superior)",593,KG,actual,Retail,PHP,24.5,0.53
2007-09-15,National Capital region,Metropolitan Manila,Metro Manila,167,14.6,120.98,cereals and tubers,"Rice (milled, superior)",593,KG,actual,Retail,PHP,26.0,0.56
2007-09-15,National Capital region,Metropolitan Manila,Metro Manila,167,14.6,120.98,cereals and tubers,"Rice (regular, milled)",80,KG,actual,Retail,PHP,25.0,0.54
2007-10-15,National Capital region,Metropolitan Manila,Metro Manila,167,14.6,120.98,cereals and tubers,"Rice (milled, superior)",593,KG,actual,Retail,PHP,26.0,0.59
2007-10-15,National Capital region,Metropolitan Manila,Metro Manila,167,14.6,120.98,cereals and tubers,"Rice (regular, milled)",80,KG,actual,Retail,PHP,24.75,0.56
2007-11-15,National Capital region,Metropolitan Manila,Metro Manila,167,14.6,120.98,cereals and tubers,"Rice (milled, superior)",593,KG,actual,Retail,PHP,26.0,0.6
2007-11-15,National Capital region,Metropolitan Manila,Metro Manila,167,14.6,120.98,cereals and tubers,"Rice (regular, milled)",80,KG,actual,Retail,PHP,24.0,0.56
2007-12-15,National Capital region,Metropolitan Manila,Metro Manila,167,14.6,120.98,cereals and tubers,"Rice (milled, superior)",593,KG,actual,Retail,PHP,26.0,0.63
2007-12-15,National Capital region,Metropolitan Manila,Metro Manila,167,14.6,120.98,cereals and tubers,"Rice (regular, milled)",80,KG,actual,Retail,PHP,24.0,0.58
2008-01-15,National Capital region,Metropolitan Manila,Metro Manila,167,14.6,120.98,cereals and tubers,"Rice (regular, milled)",80,KG,actual,Retail,PHP,24.0,0.6
2008-01-15,National Capital region,Metropolitan Manila,Metro Manila,167,14.6,120.98,cereals and tubers,"Rice (milled, superior)",593,KG,actual,Retail,PHP,26.0,0.65
2008-02-15,National Capital region,Metropolitan Manila,Metro Manila,167,14.6,120.98,cereals and tubers,"Rice (milled, superior)",593,KG,actual,Retail,PHP,26.0,0.64
2008-02-15,National Capital region,Metropolitan Manila,Metro Manila,167,14.6,120.98,cereals and tubers,"Rice (regular, milled)",80,KG,actual,Retail,PHP,24.0,0.59
2008-03-15,National Capital region,Metropolitan Manila,Metro Manila,167,14.6,120.98,cereals and tubers,"Rice (milled, superior)",593,KG,actual,Retail,PHP,28.6,0.69
2008-03-15,National Capital region,Metropolitan Manila,Metro Manila,167,14.6,120.98,cereals and tubers,"Rice (regular, milled)",80,KG,actual,Retail,PHP,26.8,0.65
2008-04-15,National Capital region,Metropolitan Manila,Metro Manila,167,14.6,120.98,cereals and tubers,"Rice (milled, superior)",593,KG,actual,Retail,PHP,34.0,0.81
2008-04-15,National Capital region,Metropolitan Manila,Metro Manila,167,14.6,120.98,cereals and tubers,"Rice (regular, milled)",80,KG,actual,Retail,PHP,32.0,0.76
2008-05-15,National Capital region,Metropolitan Manila,Metro Manila,167,14.6,120.98,cereals and tubers,"Rice (milled, superior)",593,KG,actual,Retail,PHP,34.25,0.8
2008-05-15,National Capital region,Metropolitan Manila,Metro Manila,167,14.6,120.98,cereals and tubers,"Rice (regular, milled)",80,KG,actual,Retail,PHP,32.25,0.76
2008-06-15,National Capital region,Metropolitan Manila,Metro Manila,167,14.6,120.98,cereals and tubers,"Rice (regular, milled)",80,KG,actual,Retail,PHP,37.0,0.83
2008-06-15,National Capital region,Metropolitan Manila,Metro Manila,167,14.6,120.98,cereals and tubers,"Rice (milled, superior)",593,KG,actual,Retail,PHP,38.4,0.86
2008-07-15,National Capital region,Metropolitan Manila,Metro Manila,167,14.6,120.98,cereals and tubers,"Rice (milled, superior)",593,KG,actual,Retail,PHP,38.5,0.85
2008-07-15,National Capital region,Metropolitan Manila,Metro Manila,167,14.6,120.98,cereals and tubers,"Rice (regular, milled)",80,KG,actual,Retail,PHP,36.5,0.81
2008-08-15,National Capital region,Metropolitan Manila,Metro Manila,167,14.6,120.98,cereals and tubers,"Rice (milled, superior)",593,KG,actual,Retail,PHP,37.0,0.82
2008-08-15,National Capital region,Metropolitan Manila,Metro Manila,167,14.6,120.98,cereals and tubers,"Rice (regular, milled)",80,KG,actual,Retail,PHP,35.0,0.77
2008-09-15,National Capital region,Metropolitan Manila,Metro Manila,167,14.6,120.98,cereals and tubers,"Rice (milled, superior)",593,KG,actual,Retail,PHP,35.0,0.74
2008-09-15,National Capital region,Metropolitan Manila,Metro Manila,167,14.6,120.98,cereals and tubers,"Rice (regular, milled)",80,KG,actual,Retail,PHP,30.5,0.65
2008-10-15,National Capital region,Metropolitan Manila,Metro Manila,167,14.6,120.98,cereals and tubers,"Rice (milled, superior)",593,KG,actual,Retail,PHP,35.0,0.74
2008-10-15,National Capital region,Metropolitan Manila,Metro Manila,167,14.6,120.98,cereals and tubers,"Rice (regular, milled)",80,KG,actual,Retail,PHP,30.0,0.63
2008-11-15,National Capital region,Metropolitan Manila,Metro Manila,167,14.6,120.98,cereals and tubers,"Rice (milled, superior)",593,KG,actual,Retail,PHP,35.0,0.71
2008-11-15,National Capital region,Metropolitan Manila,Metro Manila,167,14.6,120.98,cereals and tubers,"Rice (regular, milled)",80,KG,actual,Retail,PHP,30.0,0.61
2008-12-15,National Capital region,Metropolitan Manila,Metro Manila,167,14.6,120.98,cereals and tubers,"Rice (regular, milled)",80,KG,actual,Retail,PHP,30.0,0.63
2008-12-15,National Capital region,Metropolitan Manila,Metro Manila,167,14.6,120.98,cereals and tubers,"Rice (milled, superior)",593,KG,actual,Retail,PHP,35.0,0.74
2009-01-15,National Capital region,Metropolitan Manila,Metro Manila,167,14.6,120.98,cereals and tubers,"Rice (milled, superior)",593,KG,actual,Retail,PHP,35.0,0.74
2009-01-15,National Capital region,Metropolitan Manila,Metro Manila,167,14.6,120.98,cereals and tubers,"Rice (regular, milled)",80,KG,actual,Retail,PHP,30.0,0.63
2009-02-15,National Capital region,Metropolitan Manila,Metro Manila,167,14.6,120.98,cereals and tubers,"Rice (milled, superior)",593,KG,actual,Retail,PHP,35.0,0.74
2009-02-15,National Capital region,Metropolitan Manila,Metro Manila,167,14.6,120.98,cereals and tubers,"Rice (regular, milled)",80,KG,actual,Retail,PHP,32.0,0.68
2009-03-15,National Capital region,Metropolitan Manila,Metro Manila,167,14.6,120.98,cereals and tubers,"Rice (milled, superior)",593,KG,actual,Retail,PHP,35.0,0.73
2009-03-15,National Capital region,Metropolitan Manila,Metro Manila,167,14.6,120.98,cereals and tubers,"Rice (regular, milled)",80,KG,actual,Retail,PHP,31.5,0.65
2009-04-15,National Capital region,Metropolitan Manila,Metro Manila,167,14.6,120.98,cereals and tubers,"Rice (milled, superior)",593,KG,actual,Retail,PHP,35.0,0.74
2009-04-15,National Capital region,Metropolitan Manila,Metro Manila,167,14.6,120.98,cereals and tubers,"Rice (regular, milled)",80,KG,actual,Retail,PHP,30.0,0.63
2009-05-15,National Capital region,Metropolitan Manila,Metro Manila,167,14.6,120.98,cereals and tubers,"Rice (regular, milled)",80,KG,actual,Retail,PHP,30.0,0.63
2009-05-15,National Capital region,Metropolitan Manila,Metro Manila,167,14.6,120.98,cereals and tubers,"Rice (milled, superior)",593,KG,actual,Retail,PHP,35.0,0.74
2009-06-15,National Capital region,Metropolitan Manila,Metro Manila,167,14.6,120.98,cereals and tubers,"Rice (milled, superior)",593,KG,actual,Retail,PHP,35.0,0.73
2009-06-15,National Capital region,Metropolitan Manila,Metro Manila,167,14.6,120.98,cereals and tubers,"Rice (regular, milled)",80,KG,actual,Retail,PHP,30.0,0.62
2009-07-15,National Capital region,Metropolitan Manila,Metro Manila,167,14.6,120.98,cereals and tubers,"Rice (milled, superior)",593,KG,actual,Retail,PHP,35.0,0.73
2009-07-15,National Capital region,Metropolitan Manila,Metro Manila,167,14.6,120.98,cereals and tubers,"Rice (regular, milled)",80,KG,actual,Retail,PHP,30.0,0.63
2009-08-15,National Capital region,Metropolitan Manila,Metro Manila,167,14.6,120.98,cereals and tubers,"Rice (milled, superior)",593,KG,actual,Retail,PHP,35.0,0.73
2009-08-15,National Capital region,Metropolitan Manila,Metro Manila,167,14.6,120.98,cereals and tubers,"Rice (regular, milled)",80,KG,actual,Retail,PHP,30.0,0.62
2009-09-15,National Capital region,Metropolitan Manila,Metro Manila,167,14.6,120.98,cereals and tubers,"Rice (milled, superior)",593,KG,actual,Retail,PHP,35.0,0.73
2009-09-15,National Capital region,Metropolitan Manila,Metro Manila,167,14.6,120.98,cereals and tubers,"Rice (regular, milled)",80,KG,actual,Retail,PHP,30.0,0.62
2009-10-15,National Capital region,Metropolitan Manila,Metro Manila,167,14.6,120.98,cereals and tubers,"Rice (milled, superior)",593,KG,actual,Retail,PHP,35.0,0.76
2009-10-15,National Capital region,Metropolitan Manila,Metro Manila,167,14.6,120.98,cereals and tubers,"Rice (regular, milled)",80,KG,actual,Retail,PHP,30.0,0.65
2009-11-15,National Capital region,Metropolitan Manila,Metro Manila,167,14.6,120.98,cereals and tubers,"Rice (regular, milled)",80,KG,actual,Retail,PHP,30.0,0.64
2009-11-15,National Capital region,Metropolitan Manila,Metro Manila,167,14.6,120.98,cereals and tubers,"Rice (milled, superior)",593,KG,actual,Retail,PHP,35.0,0.75
2009-12-15,National Capital region,Metropolitan Manila,Metro Manila,167,14.6,120.98,cereals and tubers,"Rice (milled, superior)",593,KG,actual,Retail,PHP,35.0,0.76
2009-12-15,National Capital region,Metropolitan Manila,Metro Manila,167,14.6,120.98,cereals and tubers,"Rice (regular, milled)",80,KG,actual,Retail,PHP,30.0,0.65
2010-01-15,National Capital region,Metropolitan Manila,Metro Manila,167,14.6,120.98,cereals and tubers,"Rice (milled, superior)",593,KG,actual,Retail,PHP,35.0,0.76
2010-01-15,National Capital region,Metropolitan Manila,Metro Manila,167,14.6,120.98,cereals and tubers,"Rice (regular, milled)",80,KG,actual,Retail,PHP,30.0,0.66
2010-02-15,National Capital region,Metropolitan Manila,Metro Manila,167,14.6,120.98,cereals and tubers,"Rice (milled, superior)",593,KG,actual,Retail,PHP,35.0,0.76
2010-02-15,National Capital region,Metropolitan Manila,Metro Manila,167,14.6,120.98,cereals and tubers,"Rice (regular, milled)",80,KG,actual,Retail,PHP,30.0,0.65
2010-03-15,National Capital region,Metropolitan Manila,Metro Manila,167,14.6,120.98,cereals and tubers,"Rice (milled, superior)",593,KG,actual,Retail,PHP,35.0,0.77
2010-03-15,National Capital region,Metropolitan Manila,Metro Manila,167,14.6,120.98,cereals and tubers,"Rice (regular, milled)",80,KG,actual,Retail,PHP,30.0,0.66
2010-04-15,National Capital region,Metropolitan Manila,Metro Manila,167,14.6,120.98,cereals and tubers,"Rice (regular, milled)",80,KG,actual,Retail,PHP,30.0,0.68
2010-04-15,National Capital region,Metropolitan Manila,Metro Manila,167,14.6,120.98,cereals and tubers,"Rice (milled, superior)",593,KG,actual,Retail,PHP,35.0,0.79
2010-05-15,National Capital region,Metropolitan Manila,Metro Manila,167,14.6,120.98,cereals and tubers,"Rice (milled, superior)",593,KG,actual,Retail,PHP,35.0,0.78
2010-05-15,National Capital region,Metropolitan Manila,Metro Manila,167,14.6,120.98,cereals and tubers,"Rice (regular, milled)",80,KG,actual,Retail,PHP,30.0,0.66
2010-06-15,National Capital region,Metropolitan Manila,Metro Manila,167,14.6,120.98,cereals and tubers,"Rice (milled, superior)",593,KG,actual,Retail,PHP,35.0,0.75
2010-06-15,National Capital region,Metropolitan Manila,Metro Manila,167,14.6,120.98,cereals and tubers,"Rice (regular, milled)",80,KG,actual,Retail,PHP,30.0,0.65
2010-07-15,National Capital region,Metropolitan Manila,Metro Manila,167,14.6,120.98,cereals and tubers,"Rice (milled, superior)",593,KG,actual,Retail,PHP,35.0,0.76
2010-07-15,National Capital region,Metropolitan Manila,Metro Manila,167,14.6,120.98,cereals and tubers,"Rice (regular, milled)",80,KG,actual,Retail,PHP,30.0,0.65
2010-08-15,National Capital region,Metropolitan Manila,Metro Manila,167,14.6,120.98,cereals and tubers,"Rice (milled, superior)",593,KG,actual,Retail,PHP,35.0,0.77
2010-08-15,National Capital region,Metropolitan Manila,Metro Manila,167,14.6,120.98,cereals and tubers,"Rice (regular, milled)",80,KG,actual,Retail,PHP,30.0,0.66
2010-09-15,National Capital region,Metropolitan Manila,Metro Manila,167,14.6,120.98,cereals and tubers,"Rice (milled, superior)",593,KG,actual,Retail,PHP,35.0,0.79
2010-09-15,National Capital region,Metropolitan Manila,Metro Manila,167,14.6,120.98,cereals and tubers,"Rice (regular, milled)",80,KG,actual,Retail,PHP,30.0,0.68
2010-10-15,National Capital region,Metropolitan Manila,Metro Manila,167,14.6,120.98,cereals and tubers,"Rice (regular, milled)",80,KG,actual,Retail,PHP,30.0,0.69
2010-10-15,National Capital region,Metropolitan Manila,Metro Manila,167,14.6,120.98,cereals and tubers,"Rice (milled, superior)",593,KG,actual,Retail,PHP,35.0,0.81
2010-11-15,National Capital region,Metropolitan Manila,Metro Manila,167,14.6,120.98,cereals and tubers,"Rice (milled, superior)",593,KG,actual,Retail,PHP,35.0,0.8
2010-11-15,National Capital region,Metropolitan Manila,Metro Manila,167,14.6,120.98,cereals and tubers,"Rice (regular, milled)",80,KG,actual,Retail,PHP,30.0,0.69
2010-12-15,National Capital region,Metropolitan Manila,Metro Manila,167,14.6,120.98,cereals and tubers,"Rice (milled, superior)",593,KG,actual,Retail,PHP,35.0,0.8
2010-12-15,National Capital region,Metropolitan Manila,Metro Manila,167,14.6,120.98,cereals and tubers,"Rice (regular, milled)",80,KG,actual,Retail,PHP,30.0,0.68
2011-01-15,National Capital region,Metropolitan Manila,Metro Manila,167,14.6,120.98,cereals and tubers,"Rice (milled, superior)",593,KG,actual,Retail,PHP,35.0,0.79
2011-01-15,National Capital region,Metropolitan Manila,Metro Manila,167,14.6,120.98,cereals and tubers,"Rice (regular, milled)",80,KG,actual,Retail,PHP,30.0,0.68
2011-02-15,National Capital region,Metropolitan Manila,Metro Manila,167,14.6,120.98,cereals and tubers,"Rice (milled, superior)",593,KG,actual,Retail,PHP,35.0,0.8
2011-02-15,National Capital region,Metropolitan Manila,Metro Manila,167,14.6,120.98,cereals and tubers,"Rice (regular, milled)",80,KG,actual,Retail,PHP,30.0,0.69
2011-03-15,National Capital region,Metropolitan Manila,Metro Manila,167,14.6,120.98,cereals and tubers,"Rice (regular, milled)",80,KG,actual,Retail,PHP,30.0,0.69
2011-03-15,National Capital region,Metropolitan Manila,Metro Manila,167,14.6,120.98,cereals and tubers,"Rice (milled, superior)",593,KG,actual,Retail,PHP,35.0,0.8
2011-04-15,National Capital region,Metropolitan Manila,Metro Manila,167,14.6,120.98,cereals and tubers,"Rice (milled, superior)",593,KG,actual,Retail,PHP,35.0,0.81
2011-04-15,National Capital region,Metropolitan Manila,Metro Manila,167,14.6,120.98,cereals and tubers,"Rice (regular, milled)",80,KG,actual,Retail,PHP,30.0,0.69
2011-05-15,National Capital region,Metropolitan Manila,Metro Manila,167,14.6,120.98,cereals and tubers,"Rice (milled, superior)",593,KG,actual,Retail,PHP,35.0,0.81
2011-05-15,National Capital region,Metropolitan Manila,Metro Manila,167,14.6,120.98,cereals and tubers,"Rice (regular, milled)",80,KG,actual,Retail,PHP,30.0,0.69
2011-06-15,National Capital region,Metropolitan Manila,Metro Manila,167,14.6,120.98,cereals and tubers,"Rice (milled, superior)",593,KG,actual,Retail,PHP,35.0,0.81
2011-06-15,National Capital region,Metropolitan Manila,Metro Manila,167,14.6,120.98,cereals and tubers,"Rice (regular, milled)",80,KG,actual,Retail,PHP,30.0,0.69
2011-07-15,National Capital region,Metropolitan Manila,Metro Manila,167,14.6,120.98,cereals and tubers,"Rice (milled, superior)",593,KG,actual,Retail,PHP,35.0,0.82
2011-07-15,National Capital region,Metropolitan Manila,Metro Manila,167,14.6,120.98,cereals and tubers,"Rice (regular, milled)",80,KG,actual,Retail,PHP,30.0,0.7
2011-08-15,National Capital region,Metropolitan Manila,Metro Manila,167,14.6,120.98,cereals and tubers,"Rice (regular, milled)",80,KG,actual,Retail,PHP,30.0,0.71
2011-08-15,National Capital region,Metropolitan Manila,Metro Manila,167,14.6,120.98,cereals and tubers,"Rice (milled, superior)",593,KG,actual,Retail,PHP,35.0,0.83
2011-09-15,National Capital region,Metropolitan Manila,Metro Manila,167,14.6,120.98,cereals and tubers,"Rice (regular, milled)",80,KG,actual,Retail,PHP,30.0,0.69
2011-09-15,National Capital region,Metropolitan Manila,Metro Manila,167,14.6,120.98,cereals and tubers,"Rice (milled, superior)",593,KG,actual,Retail,PHP,35.0,0.81
2011-10-15,National Capital region,Metropolitan Manila,Metro Manila,167,14.6,120.98,cereals and tubers,"Rice (milled, superior)",593,KG,actual,Retail,PHP,35.0,0.81
2011-10-15,National Capital region,Metropolitan Manila,Metro Manila,167,14.6,120.98,cereals and tubers,"Rice (regular, milled)",80,KG,actual,Retail,PHP,30.0,0.69
2011-11-15,National Capital region,Metropolitan Manila,Metro Manila,167,14.6,120.98,cereals and tubers,"Rice (milled, superior)",593,KG,actual,Retail,PHP,35.0,0.81
2011-11-15,National Capital region,Metropolitan Manila,Metro Manila,167,14.6,120.98,cereals and tubers,"Rice (regular, milled)",80,KG,actual,Retail,PHP,30.0,0.69
2011-12-15,National Capital region,Metropolitan Manila,Metro Manila,167,14.6,120.98,cereals and tubers,"Rice (milled, superior)",593,KG,actual,Retail,PHP,35.0,0.79
2011-12-15,National Capital region,Metropolitan Manila,Metro Manila,167,14.6,120.98,cereals and tubers,"Rice (regular, milled)",80,KG,actual,Retail,PHP,30.0,0.68
2012-01-15,National Capital region,Metropolitan Manila,Metro Manila,167,14.6,120.98,cereals and tubers,"Rice (milled, superior)",593,KG,actual,Retail,PHP,35.0,0.8
2012-01-15,National Capital region,Metropolitan Manila,Metro Manila,167,14.6,120.98,cereals and tubers,"Rice (regular, milled)",80,KG,actual,Retail,PHP,30.0,0.68
2012-02-15,National Capital region,Metropolitan Manila,Metro Manila,167,14.6,120.98,cereals and tubers,"Rice (milled, superior)",593,KG,actual,Retail,PHP,35.0,0.82
2012-02-15,National Capital region,Metropolitan Manila,Metro Manila,167,14.6,120.98,cereals and tubers,"Rice (regular, milled)",80,KG,actual,Retail,PHP,30.0,0.71
2012-03-15,National Capital region,Metropolitan Manila,Metro Manila,167,14.6,120.98,cereals and tubers,"Rice (regular, milled)",80,KG,actual,Retail,PHP,30.0,0.7
2012-03-15,National Capital region,Metropolitan Manila,Metro Manila,167,14.6,120.98,cereals and tubers,"Rice (milled, superior)",593,KG,actual,Retail,PHP,35.0,0.81
2012-04-15,National Capital region,Metropolitan Manila,Metro Manila,167,14.6,120.98,cereals and tubers,"Rice (milled, superior)",593,KG,actual,Retail,PHP,35.0,0.82
2012-04-15,National Capital region,Metropolitan Manila,Metro Manila,167,14.6,120.98,cereals and tubers,"Rice (regular, milled)",80,KG,actual,Retail,PHP,30.0,0.7
2012-05-15,National Capital region,Metropolitan Manila,Metro Manila,167,14.6,120.98,cereals and tubers,"Rice (milled, superior)",593,KG,actual,Retail,PHP,35.0,0.82
2012-05-15,National Capital region,Metropolitan Manila,Metro Manila,167,14.6,120.98,cereals and tubers,"Rice (regular, milled)",80,KG,actual,Retail,PHP,30.0,0.7
2012-06-15,National Capital region,Metropolitan Manila,Metro Manila,167,14.6,120.98,cereals and tubers,"Rice (milled, superior)",593,KG,actual,Retail,PHP,35.0,0.83
2012-06-15,National Capital region,Metropolitan Manila,Metro Manila,167,14.6,120.98,cereals and tubers,"Rice (regular, milled)",80,KG,actual,Retail,PHP,30.0,0.71
2012-07-15,National Capital region,Metropolitan Manila,Metro Manila,167,14.6,120.98,cereals and tubers,"Rice (milled, superior)",593,KG,actual,Retail,PHP,35.0,0.84
2012-07-15,National Capital region,Metropolitan Manila,Metro Manila,167,14.6,120.98,cereals and tubers,"Rice (regular, milled)",80,KG,actual,Retail,PHP,30.0,0.72
2012-08-15,National Capital region,Metropolitan Manila,Metro Manila,167,14.6,120.98,cereals and tubers,"Rice (regular, milled)",80,KG,actual,Retail,PHP,30.0,0.71
2012-08-15,National Capital region,Metropolitan Manila,Metro Manila,167,14.6,120.98,cereals and tubers,"Rice (milled, superior)",593,KG,actual,Retail,PHP,35.0,0.83
2012-09-15,National Capital region,Metropolitan Manila,Metro Manila,167,14.6,120.98,cereals and tubers,"Rice (milled, superior)",593,KG,actual,Retail,PHP,35.0,0.84
2012-09-15,National Capital region,Metropolitan Manila,Metro Manila,167,14.6,120.98,cereals and tubers,"Rice (regular, milled)",80,KG,actual,Retail,PHP,30.0,0.72
2012-10-15,National Capital region,Metropolitan Manila,Metro Manila,167,14.6,120.98,cereals and tubers,"Rice (milled, superior)",593,KG,actual,Retail,PHP,35.0,0.85
2012-10-15,National Capital region,Metropolitan Manila,Metro Manila,167,14.6,120.98,cereals and tubers,"Rice (regular, milled)",80,KG,actual,Retail,PHP,30.0,0.72
2012-11-15,National Capital region,Metropolitan Manila,Metro Manila,167,14.6,120.98,cereals and tubers,"Rice (milled, superior)",593,KG,actual,Retail,PHP,35.0,0.85
2012-11-15,National Capital region,Metropolitan Manila,Metro Manila,167,14.6,120.98,cereals and tubers,"Rice (regular, milled)",80,KG,actual,Retail,PHP,30.0,0.73
2012-12-15,National Capital region,Metropolitan Manila,Metro Manila,167,14.6,120.98,cereals and tubers,"Rice (milled, superior)",593,KG,actual,Retail,PHP,35.0,0.85
2012-12-15,National Capital region,Metropolitan Manila,Metro Manila,167,14.6,120.98,cereals and tubers,"Rice (regular, milled)",80,KG,actual,Retail,PHP,30.0,0.73
2013-01-15,National Capital region,Metropolitan Manila,Metro Manila,167,14.6,120.98,cereals and tubers,"Rice (regular, milled)",80,KG,actual,Retail,PHP,30.0,0.74
2013-01-15,National Capital region,Metropolitan Manila,Metro Manila,167,14.6,120.98,cereals and tubers,"Rice (milled, superior)",593,KG,actual,Retail,PHP,35.0,0.86
2013-02-15,National Capital region,Metropolitan Manila,Metro Manila,167,14.6,120.98,cereals and tubers,"Rice (milled, superior)",593,KG,actual,Retail,PHP,35.0,0.86
2013-02-15,National Capital region,Metropolitan Manila,Metro Manila,167,14.6,120.98,cereals and tubers,"Rice (regular, milled)",80,KG,actual,Retail,PHP,30.0,0.74
2013-03-15,National Capital region,Metropolitan Manila,Metro Manila,167,14.6,120.98,cereals and tubers,"Rice (milled, superior)",593,KG,actual,Retail,PHP,35.0,0.86
2013-03-15,National Capital region,Metropolitan Manila,Metro Manila,167,14.6,120.98,cereals and tubers,"Rice (regular, milled)",80,KG,actual,Retail,PHP,30.0,0.74
2013-04-15,National Capital region,Metropolitan Manila,Metro Manila,167,14.6,120.98,cereals and tubers,"Rice (milled, superior)",593,KG,actual,Retail,PHP,35.0,0.85
2013-04-15,National Capital region,Metropolitan Manila,Metro Manila,167,14.6,120.98,cereals and tubers,"Rice (regular, milled)",80,KG,actual,Retail,PHP,30.0,0.73
2013-05-15,National Capital region,Metropolitan Manila,Metro Manila,167,14.6,120.98,cereals and tubers,"Rice (milled, superior)",593,KG,actual,Retail,PHP,35.0,0.85
2013-05-15,National Capital region,Metropolitan Manila,Metro Manila,167,14.6,120.98,cereals and tubers,"Rice (regular, milled)",80,KG,actual,Retail,PHP,30.0,0.73
2013-06-15,National Capital region,Metropolitan Manila,Metro Manila,167,14.6,120.98,cereals and tubers,"Rice (regular, milled)",80,KG,actual,Retail,PHP,30.0,0.7
2013-06-15,National Capital region,Metropolitan Manila,Metro Manila,167,14.6,120.98,cereals and tubers,"Rice (milled, superior)",593,KG,actual,Retail,PHP,35.0,0.82
2013-07-15,National Capital region,Metropolitan Manila,Metro Manila,167,14.6,120.98,cereals and tubers,"Rice (milled, superior)",593,KG,actual,Retail,PHP,35.0,0.81
2013-07-15,National Capital region,Metropolitan Manila,Metro Manila,167,14.6,120.98,cereals and tubers,"Rice (regular, milled)",80,KG,actual,Retail,PHP,32.0,0.74
2013-08-15,National Capital region,Metropolitan Manila,Metro Manila,167,14.6,120.98,cereals and tubers,"Rice (milled, superior)",593,KG,actual,Retail,PHP,35.2,0.8
2013-08-15,National Capital region,Metropolitan Manila,Metro Manila,167,14.6,120.98,cereals and tubers,"Rice (regular, milled)",80,KG,actual,Retail,PHP,32.2,0.74
2013-09-15,National Capital region,Metropolitan Manila,Metro Manila,167,14.6,120.98,cereals and tubers,"Rice (milled, superior)",593,KG,actual,Retail,PHP,38.0,0.87
2013-09-15,National Capital region,Metropolitan Manila,Metro Manila,167,14.6,120.98,cereals and tubers,"Rice (regular, milled)",80,KG,actual,Retail,PHP,35.0,0.8
2013-10-15,National Capital region,Metropolitan Manila,Metro Manila,167,14.6,120.98,cereals and tubers,"Rice (milled, superior)",593,KG,actual,Retail,PHP,38.0,0.88
2013-10-15,National Capital region,Metropolitan Manila,Metro Manila,167,14.6,120.98,cereals and tubers,"Rice (regular, milled)",80,KG,actual,Retail,PHP,35.0,0.81
2013-11-15,National Capital region,Metropolitan Manila,Metro Manila,167,14.6,120.98,cereals and tubers,"Rice (regular, milled)",80,KG,actual,Retail,PHP,35.0,0.8
2013-11-15,National Capital region,Metropolitan Manila,Metro Manila,167,14.6,120.98,cereals and tubers,"Rice (milled, superior)",593,KG,actual,Retail,PHP,38.0,0.87
2013-12-15,National Capital region,Metropolitan Manila,Metro Manila,167,14.6,120.98,cereals and tubers,"Rice (milled, superior)",593,KG,actual,Retail,PHP,38.0,0.86
2013-12-15,National Capital region,Metropolitan Manila,Metro Manila,167,14.6,120.98,cereals and tubers,"Rice (regular, milled)",80,KG,actual,Retail,PHP,35.75,0.81
2014-01-15,National Capital region,Metropolitan Manila,Metro Manila,167,14.6,120.98,cereals and tubers,"Rice (milled, superior)",593,KG,actual,Retail,PHP,38.0,0.84
2014-01-15,National Capital region,Metropolitan Manila,Metro Manila,167,14.6,120.98,cereals and tubers,"Rice (regular, milled)",80,KG,actual,Retail,PHP,36.0,0.8
2014-02-15,National Capital region,Metropolitan Manila,Metro Manila,167,14.6,120.98,cereals and tubers,"Rice (milled, superior)",593,KG,actual,Retail,PHP,38.5,0.86
2014-02-15,National Capital region,Metropolitan Manila,Metro Manila,167,14.6,120.98,cereals and tubers,"Rice (regular, milled)",80,KG,actual,Retail,PHP,36.5,0.82
2014-03-15,National Capital region,Metropolitan Manila,Metro Manila,167,14.6,120.98,cereals and tubers,"Rice (milled, superior)",593,KG,actual,Retail,PHP,40.0,0.9
2014-03-15,National Capital region,Metropolitan Manila,Metro Manila,167,14.6,120.98,cereals and tubers,"Rice (regular, milled)",80,KG,actual,Retail,PHP,38.0,0.85
2014-04-15,National Capital region,Metropolitan Manila,Metro Manila,167,14.6,120.98,cereals and tubers,"Rice (milled, superior)",593,KG,actual,Retail,PHP,40.5,0.91
2014-04-15,National Capital region,Metropolitan Manila,Metro Manila,167,14.6,120.98,cereals and tubers,"Rice (regular, milled)",80,KG,actual,Retail,PHP,38.0,0.85
2014-05-15,National Capital region,Metropolitan Manila,Metro Manila,167,14.6,120.98,cereals and tubers,"Rice (milled, superior)",593,KG,actual,Retail,PHP,42.0,0.96
2014-05-15,National Capital region,Metropolitan Manila,Metro Manila,167,14.6,120.98,cereals and tubers,"Rice (regular, milled)",80,KG,actual,Retail,PHP,38.8,0.89
2014-06-15,National Capital region,Metropolitan Manila,Metro Manila,167,14.6,120.98,cereals and tubers,"Rice (regular, milled)",80,KG,actual,Retail,PHP,40.0,0.91
2014-06-15,National Capital region,Metropolitan Manila,Metro Manila,167,14.6,120.98,cereals and tubers,"Rice (milled, superior)",593,KG,actual,Retail,PHP,42.0,0.96
2014-07-15,National Capital region,Metropolitan Manila,Metro Manila,167,14.6,120.98,cereals and tubers,"Rice (milled, superior)",593,KG,actual,Retail,PHP,43.09,0.99
2014-07-15,National Capital region,Metropolitan Manila,Metro Manila,167,14.6,120.98,cereals and tubers,"Rice (regular, milled)",80,KG,actual,Retail,PHP,40.21,0.92
2014-08-15,National Capital region,Metropolitan Manila,Metro Manila,167,14.6,120.98,cereals and tubers,"Rice (milled, superior)",593,KG,actual,Retail,PHP,43.43,1.0
2014-08-15,National Capital region,Metropolitan Manila,Metro Manila,167,14.6,120.98,cereals and tubers,"Rice (regular, milled)",80,KG,actual,Retail,PHP,40.33,0.92
2014-09-15,National Capital region,Metropolitan Manila,Metro Manila,167,14.6,120.98,cereals and tubers,"Rice (milled, superior)",593,KG,actual,Retail,PHP,43.65,0.99
2014-09-15,National Capital region,Metropolitan Manila,Metro Manila,167,14.6,120.98,cereals and tubers,"Rice (regular, milled)",80,KG,actual,Retail,PHP,40.77,0.92
2014-10-15,National Capital region,Metropolitan Manila,Metro Manila,167,14.6,120.98,cereals and tubers,"Rice (milled, superior)",593,KG,actual,Retail,PHP,43.68,0.97
2014-10-15,National Capital region,Metropolitan Manila,Metro Manila,167,14.6,120.98,cereals and tubers,"Rice (regular, milled)",80,KG,actual,Retail,PHP,40.75,0.91
2014-11-15,National Capital region,Metropolitan Manila,Metro Manila,167,14.6,120.98,cereals and tubers,"Rice (regular, milled)",80,KG,actual,Retail,PHP,40.74,0.91
2014-11-15,National Capital region,Metropolitan Manila,Metro Manila,167,14.6,120.98,cereals and tubers,"Rice (milled, superior)",593,KG,actual,Retail,PHP,43.63,0.97
2014-12-15,National Capital region,Metropolitan Manila,Metro Manila,167,14.6,120.98,cereals and tubers,"Rice (milled, superior)",593,KG,actual,Retail,PHP,43.59,0.98
2014-12-15,National Capital region,Metropolitan Manila,Metro Manila,167,14.6,120.98,cereals and tubers,"Rice (regular, milled)",80,KG,actual,Retail,PHP,40.29,0.9
2015-01-15,National Capital region,Metropolitan Manila,Metro Manila,167,14.6,120.98,cereals and tubers,"Rice (milled, superior)",593,KG,actual,Retail,PHP,43.84,0.98
2015-01-15,National Capital region,Metropolitan Manila,Metro Manila,167,14.6,120.98,cereals and tubers,"Rice (regular, milled)",80,KG,actual,Retail,PHP,40.03,0.9
2015-02-15,National Capital region,Metropolitan Manila,Metro Manila,167,14.6,120.98,cereals and tubers,"Rice (milled, superior)",593,KG,actual,Retail,PHP,43.47,0.98
2015-02-15,National Capital region,Metropolitan Manila,Metro Manila,167,14.6,120.98,cereals and tubers,"Rice (regular, milled)",80,KG,actual,Retail,PHP,39.49,0.89
2015-03-15,National Capital region,Metropolitan Manila,Metro Manila,167,14.6,120.98,cereals and tubers,"Rice (milled, superior)",593,KG,actual,Retail,PHP,42.81,0.96
2015-03-15,National Capital region,Metropolitan Manila,Metro Manila,167,14.6,120.98,cereals and tubers,"Rice (regular, milled)",80,KG,actual,Retail,PHP,38.23,0.86
2015-04-15,National Capital region,Metropolitan Manila,Metro Manila,167,14.6,120.98,cereals and tubers,"Rice (regular, milled)",80,KG,actual,Retail,PHP,36.99,0.83
2015-04-15,National Capital region,Metropolitan Manila,Metro Manila,167,14.6,120.98,cereals and tubers,"Rice (milled, superior)",593,KG,actual,Retail,PHP,42.28,0.95
2015-05-15,National Capital region,Metropolitan Manila,Metro Manila,167,14.6,120.98,cereals and tubers,"Rice (milled, superior)",593,KG,actual,Retail,PHP,42.19,0.95
2015-05-15,National Capital region,Metropolitan Manila,Metro Manila,167,14.6,120.98,cereals and tubers,"Rice (regular, milled)",80,KG,actual,Retail,PHP,35.13,0.79
2015-06-15,National Capital region,Metropolitan Manila,Metro Manila,167,14.6,120.98,cereals and tubers,"Rice (milled, superior)",593,KG,actual,Retail,PHP,41.96,0.93
2015-06-15,National Capital region,Metropolitan Manila,Metro Manila,167,14.6,120.98,cereals and tubers,"Rice (regular, milled)",80,KG,actual,Retail,PHP,35.22,0.78
2015-07-15,National Capital region,Metropolitan Manila,Metro Manila,167,14.6,120.98,cereals and tubers,"Rice (milled, superior)",593,KG,actual,Retail,PHP,42.29,0.93
2015-07-15,National Capital region,Metropolitan Manila,Metro Manila,167,14.6,120.98,cereals and tubers,"Rice (regular, milled)",80,KG,actual,Retail,PHP,35.3,0.78
2015-08-15,National Capital region,Metropolitan Manila,Metro Manila,167,14.6,120.98,cereals and tubers,"Rice (milled, superior)",593,KG,actual,Retail,PHP,42.29,0.92
2015-08-15,National Capital region,Metropolitan Manila,Metro Manila,167,14.6,120.98,cereals and tubers,"Rice (regular, milled)",80,KG,actual,Retail,PHP,35.32,0.76
2015-09-15,National Capital region,Metropolitan Manila,Metro Manila,167,14.6,120.98,cereals and tubers,"Rice (regular, milled)",80,KG,actual,Retail,PHP,37.62,0.81
2015-09-15,National Capital region,Metropolitan Manila,Metro Manila,167,14.6,120.98,cereals and tubers,"Rice (milled, superior)",593,KG,actual,Retail,PHP,42.34,0.91
2015-10-15,National Capital region,Metropolitan Manila,Metro Manila,167,14.6,120.98,cereals and tubers,"Rice (milled, superior)",593,KG,actual,Retail,PHP,42.25,0.92
2015-10-15,National Capital region,Metropolitan Manila,Metro Manila,167,14.6,120.98,cereals and tubers,"Rice (regular, milled)",80,KG,actual,Retail,PHP,35.72,0.78
2016-01-15,National Capital region,Metropolitan Manila,Metro Manila,167,14.6,120.98,cereals and tubers,"Rice (milled, superior)",593,KG,actual,Retail,PHP,41.98,0.88
2016-01-15,National Capital region,Metropolitan Manila,Metro Manila,167,14.6,120.98,cereals and tubers,"Rice (regular, milled)",80,KG,actual,Retail,PHP,37.39,0.78
2016-02-15,National Capital region,Metropolitan Manila,Metro Manila,167,14.6,120.98,cereals and tubers,"Rice (milled, superior)",593,KG,actual,Retail,PHP,41.49,0.88
2016-02-15,National Capital region,Metropolitan Manila,Metro Manila,167,14.6,120.98,cereals and tubers,"Rice (regular, milled)",80,KG,actual,Retail,PHP,36.91,0.78
2016-03-15,National Capital region,Metropolitan Manila,Metro Manila,167,14.6,120.98,cereals and tubers,"Rice (regular, milled)",80,KG,actual,Retail,PHP,36.18,0.77
2016-03-15,National Capital region,Metropolitan Manila,Metro Manila,167,14.6,120.98,cereals and tubers,"Rice (milled, superior)",593,KG,actual,Retail,PHP,41.38,0.89
2016-04-15,National Capital region,Metropolitan Manila,Metro Manila,167,14.6,120.98,cereals and tubers,"Rice (regular, milled)",80,KG,actual,Retail,PHP,35.44,0.77
2016-04-15,National Capital region,Metropolitan Manila,Metro Manila,167,14.6,120.98,cereals and tubers,"Rice (milled, superior)",593,KG,actual,Retail,PHP,40.99,0.89
2016-07-15,National Capital region,Metropolitan Manila,Metro Manila,167,14.6,120.98,cereals and tubers,"Rice (milled, superior)",593,KG,actual,Retail,PHP,41.71,0.89
2016-07-15,National Capital region,Metropolitan Manila,Metro Manila,167,14.6,120.98,cereals and tubers,"Rice (regular, milled)",80,KG,actual,Retail,PHP,36.08,0.77
2016-08-15,National Capital region,Metropolitan Manila,Metro Manila,167,14.6,120.98,cereals and tubers,"Rice (milled, superior)",593,KG,actual,Retail,PHP,41.63,0.9
2016-08-15,National Capital region,Metropolitan Manila,Metro Manila,167,14.6,120.98,cereals and tubers,"Rice (regular, milled)",80,KG,actual,Retail,PHP,36.43,0.79
2016-09-15,National Capital region,Metropolitan Manila,Metro Manila,167,14.6,120.98,cereals and tubers,"Rice (milled, superior)",593,KG,actual,Retail,PHP,41.82,0.88
2016-09-15,National Capital region,Metropolitan Manila,Metro Manila,167,14.6,120.98,cereals and tubers,"Rice (regular, milled)",80,KG,actual,Retail,PHP,36.46,0.77
2016-10-15,National Capital region,Metropolitan Manila,Metro Manila,167,14.6,120.98,cereals and tubers,"Rice (milled, superior)",593,KG,actual,Retail,PHP,41.82,0.86
2016-10-15,National Capital region,Metropolitan Manila,Metro Manila,167,14.6,120.98,cereals and tubers,"Rice (regular, milled)",80,KG,actual,Retail,PHP,36.46,0.75
2016-11-15,National Capital region,Metropolitan Manila,Metro Manila,167,14.6,120.98,cereals and tubers,"Rice (regular, milled)",80,KG,actual,Retail,PHP,36.05,0.73
2016-11-15,National Capital region,Metropolitan Manila,Metro Manila,167,14.6,120.98,cereals and tubers,"Rice (milled, superior)",593,KG,actual,Retail,PHP,41.95,0.85
2016-12-15,National Capital region,Metropolitan Manila,Metro Manila,167,14.6,120.98,cereals and tubers,"Rice (milled, superior)",593,KG,actual,Retail,PHP,41.8,0.84
2016-12-15,National Capital region,Metropolitan Manila,Metro Manila,167,14.6,120.98,cereals and tubers,"Rice (regular, milled)",80,KG,actual,Retail,PHP,35.97,0.72
2017-01-15,National Capital region,Metropolitan Manila,Metro Manila,167,14.6,120.98,cereals and tubers,"Rice (milled, superior)",593,KG,actual,Retail,PHP,41.7,0.84
2017-01-15,National Capital region,Metropolitan Manila,Metro Manila,167,14.6,120.98,cereals and tubers,"Rice (regular, milled)",80,KG,actual,Retail,PHP,36.31,0.73
2017-02-15,National Capital region,Metropolitan Manila,Metro Manila,167,14.6,120.98,cereals and tubers,"Rice (milled, superior)",593,KG,actual,Retail,PHP,41.49,0.83
2017-02-15,National Capital region,Metropolitan Manila,Metro Manila,167,14.6,120.98,cereals and tubers,"Rice (regular, milled)",80,KG,actual,Retail,PHP,36.31,0.73
2017-03-15,National Capital region,Metropolitan Manila,Metro Manila,167,14.6,120.98,cereals and tubers,"Rice (regular, milled)",80,KG,actual,Retail,PHP,36.31,0.73
2017-03-15,National Capital region,Metropolitan Manila,Metro Manila,167,14.6,120.98,cereals and tubers,"Rice (milled, superior)",593,KG,actual,Retail,PHP,41.66,0.83
2017-04-15,National Capital region,Metropolitan Manila,Metro Manila,167,14.6,120.98,cereals and tubers,"Rice (regular, milled)",80,KG,actual,Retail,PHP,36.14,0.73
2017-04-15,National Capital region,Metropolitan Manila,Metro Manila,167,14.6,120.98,cereals and tubers,"Rice (milled, superior)",593,KG,actual,Retail,PHP,41.6,0.84
2017-05-15,National Capital region,Metropolitan Manila,Metro Manila,167,14.6,120.98,cereals and tubers,"Rice (milled, superior)",593,KG,actual,Retail,PHP,41.38,0.83
2017-05-15,National Capital region,Metropolitan Manila,Metro Manila,167,14.6,120.98,cereals and tubers,"Rice (regular, milled)",80,KG,actual,Retail,PHP,36.81,0.74
2017-06-15,National Capital region,Metropolitan Manila,Metro Manila,167,14.6,120.98,cereals and tubers,"Rice (milled, superior)",593,KG,actual,Retail,PHP,41.52,0.84
2017-06-15,National Capital region,Metropolitan Manila,Metro Manila,167,14.6,120.98,cereals and tubers,"Rice (regular, milled)",80,KG,actual,Retail,PHP,36.94,0.75
2017-07-15,National Capital region,Metropolitan Manila,Metro Manila,167,14.6,120.98,cereals and tubers,"Rice (milled, superior)",593,KG,actual,Retail,PHP,41.59,0.82
2017-07-15,National Capital region,Metropolitan Manila,Metro Manila,167,14.6,120.98,cereals and tubers,"Rice (regular, milled)",80,KG,actual,Retail,PHP,36.64,0.72
2017-08-15,National Capital region,Metropolitan Manila,Metro Manila,167,14.6,120.98,cereals and tubers,"Rice (milled, superior)",593,KG,actual,Retail,PHP,41.61,0.81
2017-08-15,National Capital region,Metropolitan Manila,Metro Manila,167,14.6,120.98,cereals and tubers,"Rice (regular, milled)",80,KG,actual,Retail,PHP,37.09,0.72
2017-09-15,National Capital region,Metropolitan Manila,Metro Manila,167,14.6,120.98,cereals and tubers,"Rice (regular, milled)",80,KG,actual,Retail,PHP,37.15,0.72
2017-09-15,National Capital region,Metropolitan Manila,Metro Manila,167,14.6,120.98,cereals and tubers,"Rice (milled, superior)",593,KG,actual,Retail,PHP,42.05,0.82
2017-10-15,National Capital region,Metropolitan Manila,Metro Manila,167,14.6,120.98,cereals and tubers,"Rice (milled, superior)",593,KG,actual,Retail,PHP,41.37,0.81
2017-10-15,National Capital region,Metropolitan Manila,Metro Manila,167,14.6,120.98,cereals and tubers,"Rice (regular, milled)",80,KG,actual,Retail,PHP,37.16,0.73
2017-11-15,National Capital region,Metropolitan Manila,Metro Manila,167,14.6,120.98,cereals and tubers,"Rice (milled, superior)",593,KG,actual,Retail,PHP,41.68,0.82
2017-11-15,National Capital region,Metropolitan Manila,Metro Manila,167,14.6,120.98,cereals and tubers,"Rice (regular, milled)",80,KG,actual,Retail,PHP,37.06,0.73
2017-12-15,National Capital region,Metropolitan Manila,Metro Manila,167,14.6,120.98,cereals and tubers,"Rice (milled, superior)",593,KG,actual,Retail,PHP,41.88,0.83
2017-12-15,National Capital region,Metropolitan Manila,Metro Manila,167,14.6,120.98,cereals and tubers,"Rice (regular, milled)",80,KG,actual,Retail,PHP,37.23,0.74
2018-01-15,National Capital region,Metropolitan Manila,Metro Manila,167,14.6,120.98,cereals and tubers,"Rice (milled, superior)",593,KG,actual,Retail,PHP,42.13,0.84
2018-01-15,National Capital region,Metropolitan Manila,Metro Manila,167,14.6,120.98,cereals and tubers,"Rice (regular, milled)",80,KG,actual,Retail,PHP,37.43,0.74
2018-02-15,National Capital region,Metropolitan Manila,Metro Manila,167,14.6,120.98,cereals and tubers,"Rice (regular, milled)",80,KG,actual,Retail,PHP,38.48,0.74
2018-02-15,National Capital region,Metropolitan Manila,Metro Manila,167,14.6,120.98,cereals and tubers,"Rice (milled, superior)",593,KG,actual,Retail,PHP,42.4,0.81
2018-03-15,National Capital region,Metropolitan Manila,Metro Manila,167,14.6,120.98,cereals and tubers,"Rice (milled, superior)",593,KG,actual,Retail,PHP,42.7,0.82
2018-03-15,National Capital region,Metropolitan Manila,Metro Manila,167,14.6,120.98,cereals and tubers,"Rice (regular, milled)",80,KG,actual,Retail,PHP,38.26,0.73
2018-04-15,National Capital region,Metropolitan Manila,Metro Manila,167,14.6,120.98,cereals and tubers,"Rice (milled, superior)",593,KG,actual,Retail,PHP,42.9,0.82
2018-04-15,National Capital region,Metropolitan Manila,Metro Manila,167,14.6,120.98,cereals and tubers,"Rice (regular, milled)",80,KG,actual,Retail,PHP,38.02,0.73
2018-05-15,National Capital region,Metropolitan Manila,Metro Manila,167,14.6,120.98,cereals and tubers,"Rice (milled, superior)",593,KG,actual,Retail,PHP,42.98,0.82
2018-05-15,National Capital region,Metropolitan Manila,Metro Manila,167,14.6,120.98,cereals and tubers,"Rice (regular, milled)",80,KG,actual,Retail,PHP,39.82,0.76
2018-06-15,National Capital region,Metropolitan Manila,Metro Manila,167,14.6,120.98,cereals and tubers,"Rice (milled, superior)",593,KG,actual,Retail,PHP,43.4,0.81
2018-06-15,National Capital region,Metropolitan Manila,Metro Manila,167,14.6,120.98,cereals and tubers,"Rice (regular, milled)",80,KG,actual,Retail,PHP,40.36,0.76
2018-07-15,National Capital region,Metropolitan Manila,Metro Manila,167,14.6,120.98,cereals and tubers,"Rice (regular, milled)",80,KG,actual,Retail,PHP,36.89,0.69
2018-07-15,National Capital region,Metropolitan Manila,Metro Manila,167,14.6,120.98,cereals and tubers,"Rice (milled, superior)",593,KG,actual,Retail,PHP,44.19,0.83
2018-08-15,National Capital region,Metropolitan Manila,Metro Manila,167,14.6,120.98,cereals and tubers,"Rice (regular, milled)",80,KG,actual,Retail,PHP,41.94,0.78
2018-08-15,National Capital region,Metropolitan Manila,Metro Manila,167,14.6,120.98,cereals and tubers,"Rice (milled, superior)",593,KG,actual,Retail,PHP,44.99,0.84
2018-09-15,National Capital region,Metropolitan Manila,Metro Manila,167,14.6,120.98,cereals and tubers,"Rice (milled, superior)",593,KG,actual,Retail,PHP,47.78,0.88
2018-09-15,National Capital region,Metropolitan Manila,Metro Manila,167,14.6,120.98,cereals and tubers,"Rice (regular, milled)",80,KG,actual,Retail,PHP,45.18,0.84
2018-10-15,National Capital region,Metropolitan Manila,Metro Manila,167,14.6,120.98,cereals and tubers,"Rice (milled, superior)",593,KG,actual,Retail,PHP,47.96,0.89
2018-10-15,National Capital region,Metropolitan Manila,Metro Manila,167,14.6,120.98,cereals and tubers,"Rice (regular, milled)",80,KG,actual,Retail,PHP,43.24,0.8
2018-11-15,National Capital region,Metropolitan Manila,Metro Manila,167,14.6,120.98,cereals and tubers,"Rice (milled, superior)",593,KG,actual,Retail,PHP,45.85,0.87
2018-11-15,National Capital region,Metropolitan Manila,Metro Manila,167,14.6,120.98,cereals and tubers,"Rice (regular, milled)",80,KG,actual,Retail,PHP,42.01,0.8
2018-12-15,National Capital region,Metropolitan Manila,Metro Manila,167,14.6,120.98,cereals and tubers,"Rice (regular, milled)",80,KG,actual,Retail,PHP,40.29,0.76
2018-12-15,National Capital region,Metropolitan Manila,Metro Manila,167,14.6,120.98,cereals and tubers,"Rice (milled, superior)",593,KG,actual,Retail,PHP,44.58,0.84
2019-01-15,National Capital region,Metropolitan Manila,Metro Manila,167,14.6,120.98,cereals and tubers,"Rice (milled, superior)",593,KG,actual,Retail,PHP,44.34,0.85
2019-01-15,National Capital region,Metropolitan Manila,Metro Manila,167,14.6,120.98,cereals and tubers,"Rice (regular, milled)",80,KG,actual,Retail,PHP,40.04,0.77
2019-02-15,National Capital region,Metropolitan Manila,Metro Manila,167,14.6,120.98,cereals and tubers,"Rice (regular, milled)",80,KG,actual,Retail,PHP,39.75,0.76
2019-02-15,National Capital region,Metropolitan Manila,Metro Manila,167,14.6,120.98,cereals and tubers,"Rice (milled, superior)",593,KG,actual,Retail,PHP,44.22,0.85
2019-03-15,National Capital region,Metropolitan Manila,Metro Manila,167,14.6,120.98,cereals and tubers,"Rice (milled, superior)",593,KG,actual,Retail,PHP,43.87,0.83
2019-03-15,National Capital region,Metropolitan Manila,Metro Manila,167,14.6,120.98,cereals and tubers,"Rice (regular, milled)",80,KG,actual,Retail,PHP,38.9,0.74
2019-04-15,National Capital region,Metropolitan Manila,Metro Manila,167,14.6,120.98,cereals and tubers,"Rice (milled, superior)",593,KG,actual,Retail,PHP,43.56,0.84
2019-04-15,National Capital region,Metropolitan Manila,Metro Manila,167,14.6,120.98,cereals and tubers,"Rice (regular, milled)",80,KG,actual,Retail,PHP,40.25,0.78
2019-05-15,National Capital region,Metropolitan Manila,Metro Manila,167,14.6,120.98,cereals and tubers,"Rice (milled, superior)",593,KG,actual,Retail,PHP,43.02,0.82
2019-05-15,National Capital region,Metropolitan Manila,Metro Manila,167,14.6,120.98,cereals and tubers,"Rice (regular, milled)",80,KG,actual,Retail,PHP,36.01,0.69
2019-07-15,National Capital region,Metropolitan Manila,Metro Manila,167,14.6,120.98,cereals and tubers,"Rice (milled, superior)",593,KG,actual,Retail,PHP,42.21,0.83
2019-07-15,National Capital region,Metropolitan Manila,Metro Manila,167,14.6,120.98,cereals and tubers,"Rice (regular, milled)",80,KG,actual,Retail,PHP,36.62,0.72
2019-08-15,National Capital region,Metropolitan Manila,Metro Manila,167,14.6,120.98,cereals and tubers,"Rice (milled, superior)",593,KG,actual,Retail,PHP,41.91,0.79
2019-08-15,National Capital region,Metropolitan Manila,Metro Manila,167,14.6,120.98,cereals and tubers,"Rice (regular, milled)",80,KG,actual,Retail,PHP,37.27,0.71
2019-09-15,National Capital region,Metropolitan Manila,Metro Manila,167,14.6,120.98,cereals and tubers,"Rice (milled, superior)",593,KG,actual,Retail,PHP,41.95,0.8
2019-09-15,National Capital region,Metropolitan Manila,Metro Manila,167,14.6,120.98,cereals and tubers,"Rice (regular, milled)",80,KG,actual,Retail,PHP,36.97,0.71
2019-10-15,National Capital region,Metropolitan Manila,Metro Manila,167,14.6,120.98,cereals and tubers,"Rice (milled, superior)",593,KG,actual,Retail,PHP,41.93,0.81
2019-10-15,National Capital region,Metropolitan Manila,Metro Manila,167,14.6,120.98,cereals and tubers,"Rice (regular, milled)",80,KG,actual,Retail,PHP,36.8,0.71
2019-11-15,National Capital region,Metropolitan Manila,Metro Manila,167,14.6,120.98,cereals and tubers,"Rice (regular, milled)",80,KG,actual,Retail,PHP,36.77,0.73
2019-11-15,National Capital region,Metropolitan Manila,Metro Manila,167,14.6,120.98,cereals and tubers,"Rice (milled, superior)",593,KG,actual,Retail,PHP,41.81,0.83
2019-12-15,National Capital region,Metropolitan Manila,Metro Manila,167,14.6,120.98,cereals and tubers,"Rice (milled, superior)",593,KG,actual,Retail,PHP,41.69,0.82
2019-12-15,National Capital region,Metropolitan Manila,Metro Manila,167,14.6,120.98,cereals and tubers,"Rice (regular, milled)",80,KG,actual,Retail,PHP,36.71,0.73
2020-01-15,National Capital region,Metropolitan Manila,Metro Manila,167,14.6,120.98,cereals and tubers,"Rice (milled, superior)",593,KG,actual,Retail,PHP,41.61,0.82
2020-01-15,National Capital region,Metropolitan Manila,Metro Manila,167,14.6,120.98,cereals and tubers,"Rice (regular, milled)",80,KG,actual,Retail,PHP,36.86,0.73
2020-02-15,National Capital region,Metropolitan Manila,Metro Manila,167,14.6,120.98,cereals and tubers,"Rice (milled, superior)",593,KG,actual,Retail,PHP,41.51,0.82
2020-02-15,National Capital region,Metropolitan Manila,Metro Manila,167,14.6,120.98,cereals and tubers,"Rice (regular, milled)",80,KG,actual,Retail,PHP,36.85,0.73
2020-05-15,National Capital region,Metropolitan Manila,Metro Manila,167,14.6,120.98,cereals and tubers,Rice (special),874,KG,"actual,aggregate",Retail,PHP,53.23,1.05
2020-05-15,National Capital region,Metropolitan Manila,Metro Manila,167,14.6,120.98,cereals and tubers,"Rice (regular, milled)",80,KG,"actual,aggregate",Retail,PHP,36.65,0.72
2020-05-15,National Capital region,Metropolitan Manila,Metro Manila,167,14.6,120.98,cereals and tubers,Rice (well milled),872,KG,"actual,aggregate",Retail,PHP,43.1,0.85
2020-05-15,National Capital region,Metropolitan Manila,Metro Manila,167,14.6,120.98,cereals and tubers,Rice (premium),873,KG,"actual,aggregate",Retail,PHP,46.13,0.91
2020-06-15,National Capital region,Metropolitan Manila,Metro Manila,167,14.6,120.98,cereals and tubers,Rice (premium),873,KG,"actual,aggregate",Retail,PHP,46.02,0.92
2020-06-15,National Capital region,Metropolitan Manila,Metro Manila,167,14.6,120.98,cereals and tubers,"Rice (regular, milled)",80,KG,"actual,aggregate",Retail,PHP,37.65,0.75
2020-06-15,National Capital region,Metropolitan Manila,Metro Manila,167,14.6,120.98,cereals and tubers,Rice (special),874,KG,"actual,aggregate",Retail,PHP,53.3,1.06
2020-06-15,National Capital region,Metropolitan Manila,Metro Manila,167,14.6,120.98,cereals and tubers,Rice (well milled),872,KG,"actual,aggregate",Retail,PHP,43.09,0.86
2020-07-15,National Capital region,Metropolitan Manila,Metro Manila,167,14.6,120.98,cereals and tubers,Rice (premium),873,KG,"actual,aggregate",Retail,PHP,46.06,0.93
2020-07-15,National Capital region,Metropolitan Manila,Metro Manila,167,14.6,120.98,cereals and tubers,"Rice (regular, milled)",80,KG,"actual,aggregate",Retail,PHP,37.92,0.77
2020-07-15,National Capital region,Metropolitan Manila,Metro Manila,167,14.6,120.98,cereals and tubers,Rice (special),874,KG,"actual,aggregate",Retail,PHP,51.98,1.05
2020-07-15,National Capital region,Metropolitan Manila,Metro Manila,167,14.6,120.98,cereals and tubers,Rice (well milled),872,KG,"actual,aggregate",Retail,PHP,43.4,0.88
2020-08-15,National Capital region,Metropolitan Manila,Metro Manila,167,14.6,120.98,cereals and tubers,Rice (special),874,KG,"actual,aggregate",Retail,PHP,51.6,1.06
2020-08-15,National Capital region,Metropolitan Manila,Metro Manila,167,14.6,120.98,cereals and tubers,Rice (premium),873,KG,"actual,aggregate",Retail,PHP,46.08,0.95
2020-08-15,National Capital region,Metropolitan Manila,Metro Manila,167,14.6,120.98,cereals and tubers,"Rice (regular, milled)",80,KG,"actual,aggregate",Retail,PHP,38.11,0.78
2020-08-15,National Capital region,Metropolitan Manila,Metro Manila,167,14.6,120.98,cereals and tubers,Rice (well milled),872,KG,"actual,aggregate",Retail,PHP,43.24,0.89
2020-09-15,National Capital region,Metropolitan Manila,Metro Manila,167,14.6,120.98,cereals and tubers,Rice (special),874,KG,aggregate,Retail,PHP,50.0,1.03
2020-09-15,National Capital region,Metropolitan Manila,Metro Manila,167,14.6,120.98,cereals and tubers,"Rice (regular, milled)",80,KG,aggregate,Retail,PHP,38.0,0.79
2020-09-15,National Capital region,Metropolitan Manila,Metro Manila,167,14.6,120.98,cereals and tubers,Rice (premium),873,KG,aggregate,Retail,PHP,45.0,0.93
2020-09-15,National Capital region,Metropolitan Manila,Metro Manila,167,14.6,120.98,cereals and tubers,Rice (well milled),872,KG,aggregate,Retail,PHP,43.42,0.9
2020-10-15,National Capital region,Metropolitan Manila,Metro Manila,167,14.6,120.98,cereals and tubers,Rice (premium),873,KG,"actual,aggregate",Retail,PHP,47.31,0.97
2020-10-15,National Capital region,Metropolitan Manila,Metro Manila,167,14.6,120.98,cereals and tubers,"Rice (regular, milled)",80,KG,"actual,aggregate",Retail,PHP,37.85,0.78
2020-10-15,National Capital region,Metropolitan Manila,Metro Manila,167,14.6,120.98,cereals and tubers,Rice (special),874,KG,"actual,aggregate",Retail,PHP,54.13,1.11
2020-10-15,National Capital region,Metropolitan Manila,Metro Manila,167,14.6,120.98,cereals and tubers,Rice (well milled),872,KG,"actual,aggregate",Retail,PHP,42.8,0.88
2020-11-15,National Capital region,Metropolitan Manila,Metro Manila,167,14.6,120.98,cereals and tubers,Rice (premium),873,KG,"actual,aggregate",Retail,PHP,47.29,0.98
2020-11-15,National Capital region,Metropolitan Manila,Metro Manila,167,14.6,120.98,cereals and tubers,"Rice (regular, milled)",80,KG,"actual,aggregate",Retail,PHP,37.75,0.78
2020-11-15,National Capital region,Metropolitan Manila,Metro Manila,167,14.6,120.98,cereals and tubers,Rice (special),874,KG,"actual,aggregate",Retail,PHP,54.24,1.13
2020-11-15,National Capital region,Metropolitan Manila,Metro Manila,167,14.6,120.98,cereals and tubers,Rice (well milled),872,KG,"actual,aggregate",Retail,PHP,42.6,0.88
2020-12-15,National Capital region,Metropolitan Manila,Metro Manila,167,14.6,120.98,cereals and tubers,Rice (premium),873,KG,"actual,aggregate",Retail,PHP,45.95,0.96
2020-12-15,National Capital region,Metropolitan Manila,Metro Manila,167,14.6,120.98,cereals and tubers,"Rice (regular, milled)",80,KG,"actual,aggregate",Retail,PHP,36.93,0.77
2020-12-15,National Capital region,Metropolitan Manila,Metro Manila,167,14.6,120.98,cereals and tubers,Rice (special),874,KG,"actual,aggregate",Retail,PHP,52.27,1.09
2020-12-15,National Capital region,Metropolitan Manila,Metro Manila,167,14.6,120.98,cereals and tubers,Rice (well milled),872,KG,"actual,aggregate",Retail,PHP,41.41,0.86
2021-01-15,National Capital region,Metropolitan Manila,Metro Manila,167,14.6,120.98,cereals and tubers,"Rice (regular, milled)",80,KG,"actual,aggregate",Retail,PHP,37.88,0.79
2021-01-15,National Capital region,Metropolitan Manila,Metro Manila,167,14.6,120.98,cereals and tubers,Rice (well milled),872,KG,"actual,aggregate",Retail,PHP,42.77,0.89
2021-01-15,National Capital region,Metropolitan Manila,Metro Manila,167,14.6,120.98,cereals and tubers,Rice (special),874,KG,"actual,aggregate",Retail,PHP,54.17,1.13
2021-01-15,National Capital region,Metropolitan Manila,Metro Manila,167,14.6,120.98,cereals and tubers,Rice (premium),873,KG,aggregate,Retail,PHP,48.09,1.0
2021-02-15,National Capital region,Metropolitan Manila,Metro Manila,167,14.6,120.98,cereals and tubers,"Rice (regular, milled)",80,KG,"actual,aggregate",Retail,PHP,38.02,0.79
2021-02-15,National Capital region,Metropolitan Manila,Metro Manila,167,14.6,120.98,cereals and tubers,Rice (special),874,KG,"actual,aggregate",Retail,PHP,54.13,1.13
2021-02-15,National Capital region,Metropolitan Manila,Metro Manila,167,14.6,120.98,cereals and tubers,Rice (well milled),872,KG,"actual,aggregate",Retail,PHP,42.5,0.89
2021-03-15,National Capital region,Metropolitan Manila,Metro Manila,167,14.6,120.98,cereals and tubers,"Rice (regular, milled)",80,KG,actual,Retail,PHP,38.05,0.78
2021-03-15,National Capital region,Metropolitan Manila,Metro Manila,167,14.6,120.98,cereals and tubers,Rice (special),874,KG,actual,Retail,PHP,54.14,1.12
2021-03-15,National Capital region,Metropolitan Manila,Metro Manila,167,14.6,120.98,cereals and tubers,Rice (well milled),872,KG,actual,Retail,PHP,42.53,0.88
2021-04-15,National Capital region,Metropolitan Manila,Metro Manila,167,14.6,120.98,cereals and tubers,Rice (special),874,KG,actual,Retail,PHP,54.18,1.12
2021-04-15,National Capital region,Metropolitan Manila,Metro Manila,167,14.6,120.98,cereals and tubers,Rice (well milled),872,KG,actual,Retail,PHP,42.67,0.88
2021-04-15,National Capital region,Metropolitan Manila,Metro Manila,167,14.6,120.98,cereals and tubers,"Rice (regular, milled)",80,KG,actual,Retail,PHP,38.12,0.79
2021-05-15,National Capital region,Metropolitan Manila,Metro Manila,167,14.6,120.98,cereals and tubers,Rice (well milled),872,KG,actual,Retail,PHP,42.74,0.89
2021-05-15,National Capital region,Metropolitan Manila,Metro Manila,167,14.6,120.98,cereals and tubers,Rice (special),874,KG,actual,Retail,PHP,54.17,1.13
2021-05-15,National Capital region,Metropolitan Manila,Metro Manila,167,14.6,120.98,cereals and tubers,"Rice (regular, milled)",80,KG,actual,Retail,PHP,38.21,0.8
2021-06-15,National Capital region,Metropolitan Manila,Metro Manila,167,14.6,120.98,cereals and tubers,Rice (well milled),872,KG,actual,Retail,PHP,42.73,0.89
2021-06-15,National Capital region,Metropolitan Manila,Metro Manila,167,14.6,120.98,cereals and tubers,"Rice (regular, milled)",80,KG,actual,Retail,PHP,38.25,0.8
2021-06-15,National Capital region,Metropolitan Manila,Metro Manila,167,14.6,120.98,cereals and tubers,Rice (special),874,KG,actual,Retail,PHP,53.97,1.12
2021-07-15,National Capital region,Metropolitan Manila,Metro Manila,167,14.6,120.98,cereals and tubers,"Rice (regular, milled)",80,KG,actual,Retail,PHP,38.15,0.76
2021-07-15,National Capital region,Metropolitan Manila,Metro Manila,167,14.6,120.98,cereals and tubers,Rice (well milled),872,KG,actual,Retail,PHP,42.7,0.85
2021-07-15,National Capital region,Metropolitan Manila,Metro Manila,167,14.6,120.98,cereals and tubers,Rice (special),874,KG,actual,Retail,PHP,53.96,1.08
2021-08-15,National Capital region,Metropolitan Manila,Metro Manila,167,14.6,120.98,cereals and tubers,Rice (well milled),872,KG,actual,Retail,PHP,42.84,0.85
2021-08-15,National Capital region,Metropolitan Manila,Metro Manila,167,14.6,120.98,cereals and tubers,Rice (special),874,KG,actual,Retail,PHP,53.99,1.07
2021-08-15,National Capital region,Metropolitan Manila,Metro Manila,167,14.6,120.98,cereals and tubers,"Rice (regular, milled)",80,KG,actual,Retail,PHP,38.2,0.75
2021-09-15,National Capital region,Metropolitan Manila,Metro Manila,167,14.6,120.98,cereals and tubers,Rice (well milled),872,KG,actual,Retail,PHP,42.88,0.86
2021-09-15,National Capital region,Metropolitan Manila,Metro Manila,167,14.6,120.98,cereals and tubers,Rice (special),874,KG,actual,Retail,PHP,53.97,1.09
2021-09-15,National Capital region,Metropolitan Manila,Metro Manila,167,14.6,120.98,cereals and tubers,"Rice (regular, milled)",80,KG,actual,Retail,PHP,38.1,0.77
2021-10-15,National Capital region,Metropolitan Manila,Metro Manila,167,14.6,120.98,cereals and tubers,Rice (special),874,KG,actual,Retail,PHP,53.99,1.06
2021-10-15,National Capital region,Metropolitan Manila,Metro Manila,167,14.6,120.98,cereals and tubers,Rice (well milled),872,KG,actual,Retail,PHP,42.88,0.85
2021-10-15,National Capital region,Metropolitan Manila,Metro Manila,167,14.6,120.98,cereals and tubers,"Rice (regular, milled)",80,KG,actual,Retail,PHP,38.09,0.75
2021-11-15,National Capital region,Metropolitan Manila,Metro Manila,167,14.6,120.98,cereals and tubers,"Rice (regular, milled)",80,KG,actual,Retail,PHP,38.16,0.76
2021-11-15,National Capital region,Metropolitan Manila,Metro Manila,167,14.6,120.98,cereals and tubers,Rice (well milled),872,KG,actual,Retail,PHP,42.98,0.86
2021-11-15,National Capital region,Metropolitan Manila,Metro Manila,167,14.6,120.98,cereals and tubers,Rice (special),874,KG,actual,Retail,PHP,54.2,1.08
2021-12-15,National Capital region,Metropolitan Manila,Metro Manila,167,14.6,120.98,cereals and tubers,Rice (well milled),872,KG,actual,Retail,PHP,42.85,0.85
2021-12-15,National Capital region,Metropolitan Manila,Metro Manila,167,14.6,120.98,cereals and tubers,Rice (special),874,KG,actual,Retail,PHP,54.12,1.08
2021-12-15,National Capital region,Metropolitan Manila,Metro Manila,167,14.6,120.98,cereals and tubers,"Rice (regular, milled)",80,KG,actual,Retail,PHP,38.09,0.76
2022-01-15,National Capital region,Metropolitan Manila,Metro Manila,167,14.6,120.98,cereals and tubers,Rice (special),874,KG,actual,Retail,PHP,53.15,1.04
2022-01-15,National Capital region,Metropolitan Manila,Metro Manila,167,14.6,120.98,cereals and tubers,"Rice (regular, milled)",80,KG,actual,Retail,PHP,38.81,0.76
2022-01-15,National Capital region,Metropolitan Manila,Metro Manila,167,14.6,120.98,cereals and tubers,Rice (well milled),872,KG,actual,Retail,PHP,42.95,0.84
2022-02-15,National Capital region,Metropolitan Manila,Metro Manila,167,14.6,120.98,cereals and tubers,Rice (well milled),872,KG,actual,Retail,PHP,42.84,0.84
2022-02-15,National Capital region,Metropolitan Manila,Metro Manila,167,14.6,120.98,cereals and tubers,Rice (special),874,KG,actual,Retail,PHP,52.83,1.03
2022-02-15,National Capital region,Metropolitan Manila,Metro Manila,167,14.6,120.98,cereals and tubers,"Rice (regular, milled)",80,KG,actual,Retail,PHP,38.91,0.76
2022-03-15,National Capital region,Metropolitan Manila,Metro Manila,167,14.6,120.98,cereals and tubers,Rice (well milled),872,KG,actual,Retail,PHP,42.92,0.82
2022-03-15,National Capital region,Metropolitan Manila,Metro Manila,167,14.6,120.98,cereals and tubers,Rice (special),874,KG,actual,Retail,PHP,52.68,1.01
2022-03-15,National Capital region,Metropolitan Manila,Metro Manila,167,14.6,120.98,cereals and tubers,"Rice (regular, milled)",80,KG,actual,Retail,PHP,38.86,0.74
2022-04-15,National Capital region,Metropolitan Manila,Metro Manila,167,14.6,120.98,cereals and tubers,Rice (well milled),872,KG,actual,Retail,PHP,43.03,0.83
2022-04-15,National Capital region,Metropolitan Manila,Metro Manila,167,14.6,120.98,cereals and tubers,Rice (special),874,KG,actual,Retail,PHP,52.83,1.01
2022-04-15,National Capital region,Metropolitan Manila,Metro Manila,167,14.6,120.98,cereals and tubers,"Rice (regular, milled)",80,KG,actual,Retail,PHP,38.97,0.75
2022-05-15,National Capital region,Metropolitan Manila,Metro Manila,167,14.6,120.98,cereals and tubers,Rice (well milled),872,KG,actual,Retail,PHP,43.09,0.82
2022-05-15,National Capital region,Metropolitan Manila,Metro Manila,167,14.6,120.98,cereals and tubers,Rice (special),874,KG,actual,Retail,PHP,52.82,1.01
2022-05-15,National Capital region,Metropolitan Manila,Metro Manila,167,14.6,120.98,cereals and tubers,"Rice (regular, milled)",80,KG,actual,Retail,PHP,38.97,0.74
2022-06-15,National Capital region,Metropolitan Manila,Metro Manila,167,14.6,120.98,cereals and tubers,Rice (well milled),872,KG,actual,Retail,PHP,43.15,0.81
2022-06-15,National Capital region,Metropolitan Manila,Metro Manila,167,14.6,120.98,cereals and tubers,"Rice (regular, milled)",80,KG,actual,Retail,PHP,38.97,0.73
2022-06-15,National Capital region,Metropolitan Manila,Metro Manila,167,14.6,120.98,cereals and tubers,Rice (special),874,KG,actual,Retail,PHP,52.91,0.99
2022-07-15,National Capital region,Metropolitan Manila,Metro Manila,167,14.6,120.98,cereals and tubers,"Rice (regular, milled)",80,KG,actual,Retail,PHP,38.97,0.69
2022-07-15,National Capital region,Metropolitan Manila,Metro Manila,167,14.6,120.98,cereals and tubers,Rice (special),874,KG,actual,Retail,PHP,52.83,0.94
2022-07-15,National Capital region,Metropolitan Manila,Metro Manila,167,14.6,120.98,cereals and tubers,Rice (well milled),872,KG,actual,Retail,PHP,43.32,0.77
2022-08-15,National Capital region,Metropolitan Manila,Metro Manila,167,14.6,120.98,cereals and tubers,Rice (well milled),872,KG,actual,Retail,PHP,43.32,0.77
2022-08-15,National Capital region,Metropolitan Manila,Metro Manila,167,14.6,120.98,cereals and tubers,"Rice (regular, milled)",80,KG,actual,Retail,PHP,38.97,0.7
2022-08-15,National Capital region,Metropolitan Manila,Metro Manila,167,14.6,120.98,cereals and tubers,Rice (special),874,KG,actual,Retail,PHP,53.09,0.95
2022-09-15,National Capital region,Metropolitan Manila,Metro Manila,167,14.6,120.98,cereals and tubers,"Rice (regular, milled)",80,KG,actual,Retail,PHP,38.99,0.68
2022-09-15,National Capital region,Metropolitan Manila,Metro Manila,167,14.6,120.98,cereals and tubers,Rice (special),874,KG,actual,Retail,PHP,53.06,0.93
2022-09-15,National Capital region,Metropolitan Manila,Metro Manila,167,14.6,120.98,cereals and tubers,Rice (well milled),872,KG,actual,Retail,PHP,43.09,0.75
2022-10-15,National Capital region,Metropolitan Manila,Metro Manila,167,14.6,120.98,cereals and tubers,Rice (special),874,KG,actual,Retail,PHP,53.03,0.9
2022-10-15,National Capital region,Metropolitan Manila,Metro Manila,167,14.6,120.98,cereals and tubers,Rice (well milled),872,KG,actual,Retail,PHP,43.14,0.73
2022-10-15,National Capital region,Metropolitan Manila,Metro Manila,167,14.6,120.98,cereals and tubers,"Rice (regular, milled)",80,KG,actual,Retail,PHP,39.06,0.66
2022-11-15,National Capital region,Metropolitan Manila,Metro Manila,167,14.6,120.98,cereals and tubers,"Rice (regular, milled)",80,KG,actual,Retail,PHP,39.15,0.68
2022-11-15,National Capital region,Metropolitan Manila,Metro Manila,167,14.6,120.98,cereals and tubers,Rice (special),874,KG,actual,Retail,PHP,53.01,0.93
2022-11-15,National Capital region,Metropolitan Manila,Metro Manila,167,14.6,120.98,cereals and tubers,Rice (well milled),872,KG,actual,Retail,PHP,43.17,0.75
2022-12-15,National Capital region,Metropolitan Manila,Metro Manila,167,14.6,120.98,cereals and tubers,Rice (special),874,KG,actual,Retail,PHP,53.1,0.95
2022-12-15,National Capital region,Metropolitan Manila,Metro Manila,167,14.6,120.98,cereals and tubers,"Rice (regular, milled)",80,KG,actual,Retail,PHP,39.17,0.7
2022-12-15,National Capital region,Metropolitan Manila,Metro Manila,167,14.6,120.98,cereals and tubers,Rice (well milled),872,KG,actual,Retail,PHP,43.45,0.78
2023-01-15,National Capital region,Metropolitan Manila,Metro Manila,167,14.6,120.98,cereals and tubers,Rice (special),874,KG,actual,Retail,PHP,53.11,0.97
2023-01-15,National Capital region,Metropolitan Manila,Metro Manila,167,14.6,120.98,cereals and tubers,Rice (well milled),872,KG,actual,Retail,PHP,43.25,0.79
2023-01-15,National Capital region,Metropolitan Manila,Metro Manila,167,14.6,120.98,cereals and tubers,"Rice (regular, milled)",80,KG,actual,Retail,PHP,39.25,0.72
2023-02-15,National Capital region,Metropolitan Manila,Metro Manila,167,14.6,120.98,cereals and tubers,"Rice (regular, milled)",80,KG,actual,Retail,PHP,39.19,0.71
2023-02-15,National Capital region,Metropolitan Manila,Metro Manila,167,14.6,120.98,cereals and tubers,Rice (special),874,KG,actual,Retail,PHP,53.01,0.96
2023-02-15,National Capital region,Metropolitan Manila,Metro Manila,167,14.6,120.98,cereals and tubers,Rice (well milled),872,KG,actual,Retail,PHP,42.98,0.78
2023-03-15,National Capital region,Metropolitan Manila,Metro Manila,167,14.6,120.98,cereals and tubers,"Rice (regular, milled)",80,KG,actual,Retail,PHP,39.43,0.72
2023-03-15,National Capital region,Metropolitan Manila,Metro Manila,167,14.6,120.98,cereals and tubers,Rice (special),874,KG,actual,Retail,PHP,52.98,0.96
2023-03-15,National Capital region,Metropolitan Manila,Metro Manila,167,14.6,120.98,cereals and tubers,Rice (well milled),872,KG,actual,Retail,PHP,43.1,0.78
2023-04-15,National Capital region,Metropolitan Manila,Metro Manila,167,14.6,120.98,cereals and tubers,"Rice (regular, milled)",80,KG,actual,Retail,PHP,39.75,0.72
2023-04-15,National Capital region,Metropolitan Manila,Metro Manila,167,14.6,120.98,cereals and tubers,Rice (special),874,KG,actual,Retail,PHP,53.02,0.95
2023-04-15,National Capital region,Metropolitan Manila,Metro Manila,167,14.6,120.98,cereals and tubers,Rice (well milled),872,KG,actual,Retail,PHP,43.23,0.78
2023-05-15,National Capital region,Metropolitan Manila,Metro Manila,167,14.6,120.98,cereals and tubers,"Rice (regular, milled)",80,KG,actual,Retail,PHP,39.9,0.71
2023-05-15,National Capital region,Metropolitan Manila,Metro Manila,167,14.6,120.98,cereals and tubers,Rice (special),874,KG,actual,Retail,PHP,52.92,0.95
2023-05-15,National Capital region,Metropolitan Manila,Metro Manila,167,14.6,120.98,cereals and tubers,Rice (well milled),872,KG,actual,Retail,PHP,43.21,0.77
2023-06-15,National Capital region,Metropolitan Manila,Metro Manila,167,14.6,120.98,cereals and tubers,Rice (special),874,KG,actual,Retail,PHP,52.9,0.95
2023-06-15,National Capital region,Metropolitan Manila,Metro Manila,167,14.6,120.98,cereals and tubers,Rice (well milled),872,KG,actual,Retail,PHP,43.19,0.77
2023-06-15,National Capital region,Metropolitan Manila,Metro Manila,167,14.6,120.98,cereals and tubers,"Rice (regular, milled)",80,KG,actual,Retail,PHP,40.09,0.72
2023-07-15,National Capital region,Metropolitan Manila,Metro Manila,167,14.6,120.98,cereals and tubers,"Rice (regular, milled)",80,KG,actual,Retail,PHP,40.6,0.75
2023-07-15,National Capital region,Metropolitan Manila,Metro Manila,167,14.6,120.98,cereals and tubers,Rice (special),874,KG,actual,Retail,PHP,52.96,0.97
2023-07-15,National Capital region,Metropolitan Manila,Metro Manila,167,14.6,120.98,cereals and tubers,Rice (well milled),872,KG,actual,Retail,PHP,43.42,0.8
2023-08-15,National Capital region,Metropolitan Manila,Metro Manila,167,14.6,120.98,cereals and tubers,"Rice (regular, milled)",80,KG,actual,Retail,PHP,42.7,0.75
2023-08-15,National Capital region,Metropolitan Manila,Metro Manila,167,14.6,120.98,cereals and tubers,Rice (special),874,KG,actual,Retail,PHP,54.41,0.96
2023-08-15,National Capital region,Metropolitan Manila,Metro Manila,167,14.6,120.98,cereals and tubers,Rice (well milled),872,KG,actual,Retail,PHP,47.06,0.83
2023-09-15,National Capital region,Metropolitan Manila,Metro Manila,167,14.6,120.98,cereals and tubers,Rice (special),874,KG,actual,Retail,PHP,56.78,1.0
2023-09-15,National Capital region,Metropolitan Manila,Metro Manila,167,14.6,120.98,cereals and tubers,Rice (well milled),872,KG,actual,Retail,PHP,49.34,0.87
2023-09-15,National Capital region,Metropolitan Manila,Metro Manila,167,14.6,120.98,cereals and tubers,"Rice (regular, milled)",80,KG,actual,Retail,PHP,43.05,0.76
2023-10-15,National Capital region,Metropolitan Manila,Metro Manila,167,14.6,120.98,cereals and tubers,"Rice (regular, milled)",80,KG,actual,Retail,PHP,42.04,0.74
2023-10-15,National Capital region,Metropolitan Manila,Metro Manila,167,14.6,120.98,cereals and tubers,Rice (special),874,KG,actual,Retail,PHP,56.86,1.0
2023-10-15,National Capital region,Metropolitan Manila,Metro Manila,167,14.6,120.98,cereals and tubers,Rice (well milled),872,KG,actual,Retail,PHP,47.95,0.84
2023-11-15,National Capital region,Metropolitan Manila,Metro Manila,167,14.6,120.98,cereals and tubers,Rice (special),874,KG,actual,Retail,PHP,58.42,1.05
2023-11-15,National Capital region,Metropolitan Manila,Metro Manila,167,14.6,120.98,cereals and tubers,Rice (well milled),872,KG,actual,Retail,PHP,49.66,0.89
2023-11-15,National Capital region,Metropolitan Manila,Metro Manila,167,14.6,120.98,cereals and tubers,"Rice (regular, milled)",80,KG,actual,Retail,PHP,42.79,0.77
2023-12-15,National Capital region,Metropolitan Manila,Metro Manila,167,14.6,120.98,cereals and tubers,"Rice (regular, milled)",80,KG,actual,Retail,PHP,43.71,0.78
2023-12-15,National Capital region,Metropolitan Manila,Metro Manila,167,14.6,120.98,cereals and tubers,Rice (special),874,KG,actual,Retail,PHP,60.11,1.08
2023-12-15,National Capital region,Metropolitan Manila,Metro Manila,167,14.6,120.98,cereals and tubers,Rice (well milled),872,KG,actual,Retail,PHP,51.26,0.92
2024-01-15,National Capital region,Metropolitan Manila,Metro Manila,167,14.6,120.98,cereals and tubers,"Rice (regular, milled)",80,KG,actual,Retail,PHP,44.01,0.79
2024-01-15,National Capital region,Metropolitan Manila,Metro Manila,167,14.6,120.98,cereals and tubers,Rice (special),874,KG,actual,Retail,PHP,60.65,1.09
2024-01-15,National Capital region,Metropolitan Manila,Metro Manila,167,14.6,120.98,cereals and tubers,Rice (well milled),872,KG,actual,Retail,PHP,51.87,0.93
2024-02-15,National Capital region,Metropolitan Manila,Metro Manila,167,14.6,120.98,cereals and tubers,Rice (well milled),872,KG,actual,Retail,PHP,52.35,0.93
2024-02-15,National Capital region,Metropolitan Manila,Metro Manila,167,14.6,120.98,cereals and tubers,Rice (special),874,KG,actual,Retail,PHP,60.96,1.09
2024-02-15,National Capital region,Metropolitan Manila,Metro Manila,167,14.6,120.98,cereals and tubers,"Rice (regular, milled)",80,KG,actual,Retail,PHP,44.11,0.79
2024-03-15,National Capital region,Metropolitan Manila,Metro Manila,167,14.6,120.98,cereals and tubers,Rice (well milled),872,KG,actual,Retail,PHP,52.64,0.95
2024-03-15,National Capital region,Metropolitan Manila,Metro Manila,167,14.6,120.98,cereals and tubers,"Rice (regular, milled)",80,KG,actual,Retail,PHP,44.63,0.8
2024-03-15,National Capital region,Metropolitan Manila,Metro Manila,167,14.6,120.98,cereals and tubers,Rice (special),874,KG,actual,Retail,PHP,61.0,1.1
2024-04-15,National Capital region,Metropolitan Manila,Metro Manila,167,14.6,120.98,cereals and tubers,"Rice (regular, milled)",80,KG,actual,Retail,PHP,45.23,0.79
2024-04-15,National Capital region,Metropolitan Manila,Metro Manila,167,14.6,120.98,cereals and tubers,Rice (special),874,KG,actual,Retail,PHP,61.25,1.07
2024-04-15,National Capital region,Metropolitan Manila,Metro Manila,167,14.6,120.98,cereals and tubers,Rice (well milled),872,KG,actual,Retail,PHP,52.98,0.93
2024-05-15,National Capital region,Metropolitan Manila,Metro Manila,167,14.6,120.98,cereals and tubers,"Rice (regular, milled)",80,KG,actual,Retail,PHP,46.13,0.8
2024-05-15,National Capital region,Metropolitan Manila,Metro Manila,167,14.6,120.98,cereals and tubers,Rice (well milled),872,KG,actual,Retail,PHP,53.24,0.93
2024-05-15,National Capital region,Metropolitan Manila,Metro Manila,167,14.6,120.98,cereals and tubers,Rice (special),874,KG,actual,Retail,PHP,61.45,1.07
2024-06-15,National Capital region,Metropolitan Manila,Metro Manila,167,14.6,120.98,cereals and tubers,"Rice (regular, milled)",80,KG,actual,Retail,PHP,46.18,0.79
2024-06-15,National Capital region,Metropolitan Manila,Metro Manila,167,14.6,120.98,cereals and tubers,Rice (special),874,KG,actual,Retail,PHP,61.46,1.05
2024-06-15,National Capital region,Metropolitan Manila,Metro Manila,167,14.6,120.98,cereals and tubers,Rice (well milled),872,KG,actual,Retail,PHP,53.2,0.91
2024-07-15,National Capital region,Metropolitan Manila,Metro Manila,167,14.6,120.98,cereals and tubers,"Rice (regular, milled)",80,KG,actual,Retail,PHP,45.88,0.78
2024-07-15,National Capital region,Metropolitan Manila,Metro Manila,167,14.6,120.98,cereals and tubers,Rice (special),874,KG,actual,Retail,PHP,61.4,1.05
2024-07-15,National Capital region,Metropolitan Manila,Metro Manila,167,14.6,120.98,cereals and tubers,Rice (well milled),872,KG,actual,Retail,PHP,53.1,0.91
2024-08-15,National Capital region,Metropolitan Manila,Metro Manila,167,14.6,120.98,cereals and tubers,Rice (well milled),872,KG,actual,Retail,PHP,53.03,0.93
2024-08-15,National Capital region,Metropolitan Manila,Metro Manila,167,14.6,120.98,cereals and tubers,"Rice (regular, milled)",80,KG,actual,Retail,PHP,45.75,0.8
2024-08-15,National Capital region,Metropolitan Manila,Metro Manila,167,14.6,120.98,cereals and tubers,Rice (special),874,KG,actual,Retail,PHP,60.99,1.07
2024-09-15,National Capital region,Metropolitan Manila,Metro Manila,167,14.6,120.98,cereals and tubers,Rice (well milled),872,KG,actual,Retail,PHP,52.9,0.95
2024-09-15,National Capital region,Metropolitan Manila,Metro Manila,167,14.6,120.98,cereals and tubers,"Rice (regular, milled)",80,KG,actual,Retail,PHP,45.94,0.82
2024-09-15,National Capital region,Metropolitan Manila,Metro Manila,167,14.6,120.98,cereals and tubers,Rice (special),874,KG,actual,Retail,PHP,60.92,1.09
2024-10-15,National Capital region,Metropolitan Manila,Metro Manila,167,14.6,120.98,cereals and tubers,"Rice (regular, milled)",80,KG,actual,Retail,PHP,45.53,0.79
2024-10-15,National Capital region,Metropolitan Manila,Metro Manila,167,14.6,120.98,cereals and tubers,Rice (special),874,KG,actual,Retail,PHP,60.92,1.05
2024-10-15,National Capital region,Metropolitan Manila,Metro Manila,167,14.6,120.98,cereals and tubers,Rice (well milled),872,KG,actual,Retail,PHP,52.76,0.91
2024-11-15,National Capital region,Metropolitan Manila,Metro Manila,167,14.6,120.98,cereals and tubers,"Rice (regular, milled)",80,KG,actual,Retail,PHP,45.05,0.77
2024-11-15,National Capital region,Metropolitan Manila,Metro Manila,167,14.6,120.98,cereals and tubers,Rice (special),874,KG,actual,Retail,PHP,60.91,1.04
2024-11-15,National Capital region,Metropolitan Manila,Metro Manila,167,14.6,120.98,cereals and tubers,Rice (well milled),872,KG,actual,Retail,PHP,52.52,0.89
2024-12-15,National Capital region,Metropolitan Manila,Metro Manila,167,14.6,120.98,cereals and tubers,Rice (well milled),872,KG,actual,Retail,PHP,52.49,0.89
2024-12-15,National Capital region,Metropolitan Manila,Metro Manila,167,14.6,120.98,cereals and tubers,"Rice (regular, milled)",80,KG,actual,Retail,PHP,44.94,0.76
2024-12-15,National Capital region,Metropolitan Manila,Metro Manila,167,14.6,120.98,cereals and tubers,Rice (special),874,KG,actual,Retail,PHP,60.8,1.03
2025-01-15,National Capital region,Metropolitan Manila,Metro Manila,167,14.6,120.98,cereals and tubers,Rice (well milled),872,KG,actual,Retail,PHP,52.22,0.89
2025-01-15,National Capital region,Metropolitan Manila,Metro Manila,167,14.6,120.98,cereals and tubers,Rice (special),874,KG,actual,Retail,PHP,60.49,1.03
2025-01-15,National Capital region,Metropolitan Manila,Metro Manila,167,14.6,120.98,cereals and tubers,"Rice (regular, milled)",80,KG,actual,Retail,PHP,44.52,0.76
2025-02-15,National Capital region,Metropolitan Manila,Metro Manila,167,14.6,120.98,cereals and tubers,"Rice (regular, milled)",80,KG,actual,Retail,PHP,43.81,0.76
2025-02-15,National Capital region,Metropolitan Manila,Metro Manila,167,14.6,120.98,cereals and tubers,Rice (special),874,KG,actual,Retail,PHP,59.64,1.03
2025-02-15,National Capital region,Metropolitan Manila,Metro Manila,167,14.6,120.98,cereals and tubers,Rice (well milled),872,KG,actual,Retail,PHP,51.82,0.9
2025-03-15,National Capital region,Metropolitan Manila,Metro Manila,167,14.6,120.98,cereals and tubers,"Rice (regular, milled)",80,KG,actual,Retail,PHP,42.61,0.74
2025-03-15,National Capital region,Metropolitan Manila,Metro Manila,167,14.6,120.98,cereals and tubers,Rice (special),874,KG,actual,Retail,PHP,58.77,1.03
2025-03-15,National Capital region,Metropolitan Manila,Metro Manila,167,14.6,120.98,cereals and tubers,Rice (well milled),872,KG,actual,Retail,PHP,50.66,0.89
2025-04-15,National Capital region,Metropolitan Manila,Metro Manila,167,14.6,120.98,cereals and tubers,Rice (special),874,KG,actual,Retail,PHP,57.97,1.02
2025-04-15,National Capital region,Metropolitan Manila,Metro Manila,167,14.6,120.98,cereals and tubers,"Rice (regular, milled)",80,KG,actual,Retail,PHP,41.73,0.74
2025-04-15,National Capital region,Metropolitan Manila,Metro Manila,167,14.6,120.98,cereals and tubers,Rice (well milled),872,KG,actual,Retail,PHP,49.45,0.87
2025-05-15,National Capital region,Metropolitan Manila,Metro Manila,167,14.6,120.98,cereals and tubers,"Rice (regular, milled)",80,KG,actual,Retail,PHP,41.17,0.74
2025-05-15,National Capital region,Metropolitan Manila,Metro Manila,167,14.6,120.98,cereals and tubers,Rice (well milled),872,KG,actual,Retail,PHP,48.93,0.88
2025-05-15,National Capital region,Metropolitan Manila,Metro Manila,167,14.6,120.98,cereals and tubers,Rice (special),874,KG,actual,Retail,PHP,57.17,1.02
2025-06-15,National Capital region,Metropolitan Manila,Metro Manila,167,14.6,120.98,cereals and tubers,Rice (special),874,KG,actual,Retail,PHP,57.14,1.01
2025-06-15,National Capital region,Metropolitan Manila,Metro Manila,167,14.6,120.98,cereals and tubers,"Rice (regular, milled)",80,KG,actual,Retail,PHP,40.94,0.73
2025-06-15,National Capital region,Metropolitan Manila,Metro Manila,167,14.6,120.98,cereals and tubers,Rice (well milled),872,KG,actual,Retail,PHP,48.65,0.86
2025-07-15,National Capital region,Metropolitan Manila,Metro Manila,167,14.6,120.98,cereals and tubers,"Rice (regular, milled)",80,KG,actual,Retail,PHP,40.37,0.71
2025-07-15,National Capital region,Metropolitan Manila,Metro Manila,167,14.6,120.98,cereals and tubers,Rice (special),874,KG,actual,Retail,PHP,56.82,1.0
2025-07-15,National Capital region,Metropolitan Manila,Metro Manila,167,14.6,120.98,cereals and tubers,Rice (well milled),872,KG,actual,Retail,PHP,48.02,0.85
2025-08-15,National Capital region,Metropolitan Manila,Metro Manila,167,14.6,120.98,cereals and tubers,"Rice (regular, milled)",80,KG,actual,Retail,PHP,39.77,0.7
2025-08-15,National Capital region,Metropolitan Manila,Metro Manila,167,14.6,120.98,cereals and tubers,Rice (special),874,KG,actual,Retail,PHP,56.5,0.99
2025-08-15,National Capital region,Metropolitan Manila,Metro Manila,167,14.6,120.98,cereals and tubers,Rice (well milled),872,KG,actual,Retail,PHP,47.35,0.83
2025-09-15,National Capital region,Metropolitan Manila,Metro Manila,167,14.6,120.98,cereals and tubers,"Rice (regular, milled)",80,KG,actual,Retail,PHP,39.63,0.69
2025-09-15,National Capital region,Metropolitan Manila,Metro Manila,167,14.6,120.98,cereals and tubers,Rice (special),874,KG,actual,Retail,PHP,56.33,0.99
2025-09-15,National Capital region,Metropolitan Manila,Metro Manila,167,14.6,120.98,cereals and tubers,Rice (well milled),872,KG,actual,Retail,PHP,46.84,0.82
2025-10-15,National Capital region,Metropolitan Manila,Metro Manila,167,14.6,120.98,cereals and tubers,Rice (well milled),872,KG,actual,Retail,PHP,46.48,0.8
2025-10-15,National Capital region,Metropolitan Manila,Metro Manila,167,14.6,120.98,cereals and tubers,"Rice (regular, milled)",80,KG,actual,Retail,PHP,39.37,0.68
2025-10-15,National Capital region,Metropolitan Manila,Metro Manila,167,14.6,120.98,cereals and tubers,Rice (special),874,KG,actual,Retail,PHP,55.98,0.96
2025-11-15,National Capital region,Metropolitan Manila,Metro Manila,167,14.6,120.98,cereals and tubers,Rice (well milled),872,KG,actual,Retail,PHP,46.99,0.8
2025-11-15,National Capital region,Metropolitan Manila,Metro Manila,167,14.6,120.98,cereals and tubers,Rice (special),874,KG,actual,Retail,PHP,56.41,0.96
2025-11-15,National Capital region,Metropolitan Manila,Metro Manila,167,14.6,120.98,cereals and tubers,"Rice (regular, milled)",80,KG,actual,Retail,PHP,39.7,0.67
2025-12-15,National Capital region,Metropolitan Manila,Metro Manila,167,14.6,120.98,cereals and tubers,Rice (well milled),872,KG,actual,Retail,PHP,48.08,0.82
2025-12-15,National Capital region,Metropolitan Manila,Metro Manila,167,14.6,120.98,cereals and tubers,Rice (special),874,KG,actual,Retail,PHP,57.69,0.98
2025-12-15,National Capital region,Metropolitan Manila,Metro Manila,167,14.6,120.98,cereals and tubers,"Rice (regular, milled)",80,KG,actual,Retail,PHP,40.38,0.69
2026-01-15,National Capital region,Metropolitan Manila,Metro Manila,167,14.6,120.98,cereals and tubers,Rice (well milled),872,KG,actual,Retail,PHP,49.58,0.83
2026-01-15,National Capital region,Metropolitan Manila,Metro Manila,167,14.6,120.98,cereals and tubers,Rice (special),874,KG,actual,Retail,PHP,58.76,0.99
2026-01-15,National Capital region,Metropolitan Manila,Metro Manila,167,14.6,120.98,cereals and tubers,"Rice (regular, milled)",80,KG,actual,Retail,PHP,41.84,0.7
2026-02-15,National Capital region,Metropolitan Manila,Metro Manila,167,14.6,120.98,cereals and tubers,Rice (special),874,KG,actual,Retail,PHP,59.89,1.03
2026-02-15,National Capital region,Metropolitan Manila,Metro Manila,167,14.6,120.98,cereals and tubers,"Rice (regular, milled)",80,KG,actual,Retail,PHP,43.71,0.75
2026-02-15,National Capital region,Metropolitan Manila,Metro Manila,167,14.6,120.98,cereals and tubers,Rice (well milled),872,KG,actual,Retail,PHP,51.26,0.88
2026-03-15,National Capital region,Metropolitan Manila,Metro Manila,167,14.6,120.98,cereals and tubers,Rice (special),874,KG,actual,Retail,PHP,61.24,1.02
2026-03-15,National Capital region,Metropolitan Manila,Metro Manila,167,14.6,120.98,cereals and tubers,Rice (well milled),872,KG,actual,Retail,PHP,53.99,0.9
2026-03-15,National Capital region,Metropolitan Manila,Metro Manila,167,14.6,120.98,cereals and tubers,"Rice (regular, milled)",80,KG,actual,Retail,PHP,46.35,0.78
